1780794854.896159,1780794854.8928654,0.0,0.0
1780794854.896159,1780794854.8928654,0.0,0.0
1780794854.896159,1780794854.8928654,0.0,0.0
1780794854.921889,1780794854.924059,0.0,0.0
1780794854.921889,1780794854.924059,0.0,0.0
1780794854.921889,1780794854.924059,0.0,0.0
1780794854.9517465,1780794854.9524026,0.0,0.0
1780794854.9517465,1780794854.9524026,0.0,0.0
1780794854.9517465,1780794854.9524026,0.0,0.0
1780794854.982364,1780794854.9911022,0.0,0.0
1780794854.982364,1780794854.9911022,0.0,0.0
1780794854.982364,1780794854.9911022,0.0,0.0
1780794854.982364,1780794854.9911022,0.0,0.0
1780794855.0227137,1780794855.0303586,0.0,0.0
1780794855.0227137,1780794855.0303586,0.0,0.0
1780794855.0227137,1780794855.0303586,0.0,0.0
1780794855.0522296,1780794855.0526025,0.0,0.0
1780794855.0522296,1780794855.0526025,0.0,0.0
1780794855.0522296,1780794855.0526025,0.0,0.0
1780794855.0522296,1780794855.0526025,0.0,0.0
1780794855.081616,1780794855.0923357,0.0,0.0
1780794855.081616,1780794855.0923357,0.0,0.0
1780794855.1151483,1780794855.1183007,0.0,0.0
1780794855.1151483,1780794855.1183007,0.0,0.0
1780794855.1151483,1780794855.1183007,0.0,0.0
1780794855.142149,1780794855.1513214,0.0,0.0
1780794855.142149,1780794855.1513214,0.0,0.0
1780794855.142149,1780794855.1513214,0.0,0.0
1780794855.142149,1780794855.1513214,0.0,0.0
1780794855.180316,1780794855.1823323,0.0,0.0
1780794855.180316,1780794855.1823323,0.0,0.0
1780794855.180316,1780794855.1823323,0.0,0.0
1780794855.2103803,1780794855.2187307,0.0,0.0
1780794855.2103803,1780794855.2187307,0.0,0.0
1780794855.2103803,1780794855.2187307,0.0,0.0
1780794855.2404292,1780794855.2423334,0.0,0.0
1780794855.2404292,1780794855.2423334,0.0,0.0
1780794855.2404292,1780794855.2423334,0.0,0.0
1780794855.270468,1780794855.2723434,0.0,0.0
1780794855.270468,1780794855.2723434,0.0,0.0
1780794855.270468,1780794855.2723434,0.0,0.0
1780794855.3005095,1780794855.302358,0.0,0.0
1780794855.3005095,1780794855.302358,0.0,0.0
1780794855.3005095,1780794855.302358,0.0,0.0
1780794855.3308094,1780794855.3323345,0.0,0.0
1780794855.3308094,1780794855.3323345,0.0,0.0
1780794855.3308094,1780794855.3323345,0.0,0.0
1780794855.360345,1780794855.3623328,0.0,0.0
1780794855.360345,1780794855.3623328,0.0,0.0
1780794855.360345,1780794855.3623328,0.0,0.0
1780794855.3909142,1780794855.3924336,0.0,0.0
1780794855.3909142,1780794855.3924336,0.0,0.0
1780794855.3909142,1780794855.3924336,0.0,0.0
1780794855.4210107,1780794855.4223332,0.0,0.0
1780794855.4210107,1780794855.4223332,0.0,0.0
1780794855.4210107,1780794855.4223332,0.0,0.0
1780794855.4210107,1780794855.4223332,0.0,0.0
1780794855.461723,1780794855.4628224,0.0,0.0
1780794855.461723,1780794855.4628224,0.0,0.0
1780794855.461723,1780794855.4628224,0.0,0.0
1780794855.4917202,1780794855.492335,0.0,0.0
1780794855.4917202,1780794855.492335,0.0,0.0
1780794855.4917202,1780794855.492335,0.0,0.0
1780794855.521777,1780794855.522382,0.0,0.0
1780794855.521777,1780794855.522382,0.0,0.0
1780794855.521777,1780794855.522382,0.0,0.0
1780794855.550809,1780794855.552928,0.0,0.0
1780794855.550809,1780794855.552928,0.0,0.0
1780794855.550809,1780794855.552928,0.0,0.0
1780794855.5823872,1780794855.582372,0.0,0.0
1780794855.5823872,1780794855.582372,0.0,0.0
1780794855.5823872,1780794855.582372,0.0,0.0
1780794855.6104038,1780794855.6131995,0.0,0.0
1780794855.6104038,1780794855.6131995,0.0,0.0
1780794855.6104038,1780794855.6131995,0.0,0.0
1780794855.6104038,1780794855.6131995,0.0,0.0
1780794855.6518013,1780794855.6523485,0.0,0.0
1780794855.6518013,1780794855.6523485,0.0,0.0
1780794855.6518013,1780794855.6523485,0.0,0.0
1780794855.6823523,1780794855.6885316,0.0,0.0
1780794855.6823523,1780794855.6885316,0.0,0.0
1780794855.6823523,1780794855.6885316,0.0,0.0
1780794855.71089,1780794855.7130017,0.0,0.0
1780794855.71089,1780794855.7130017,0.0,0.0
1780794855.71089,1780794855.7130017,0.0,0.0
1780794855.741602,1780794855.742396,0.0,0.0
1780794855.741602,1780794855.742396,0.0,0.0
1780794855.741602,1780794855.742396,0.0,0.0
1780794855.7716527,1780794855.7792184,0.0,0.0
1780794855.7716527,1780794855.7792184,0.0,0.0
1780794855.7716527,1780794855.7792184,0.0,0.0
1780794855.8016846,1780794855.8023899,0.0,0.0
1780794855.8016846,1780794855.8023899,0.0,0.0
1780794855.8016846,1780794855.8023899,0.0,0.0
1780794855.8016846,1780794855.8023899,0.0,0.0
1780794855.8402689,1780794855.8427596,0.0,0.0
1780794855.8402689,1780794855.8427596,0.0,0.0
1780794855.8602908,1780794855.8683429,0.0,0.0
1780794855.8602908,1780794855.8683429,0.0,0.0
1780794855.8602908,1780794855.8683429,0.0,0.0
1780794855.8602908,1780794855.8683429,0.0,0.0
1780794855.9008737,1780794855.9026003,0.0,0.0
1780794855.9008737,1780794855.9026003,0.0,0.0
1780794855.9008737,1780794855.9026003,0.0,0.0
1780794855.9309165,1780794855.9325557,0.0,0.0
1780794855.9309165,1780794855.9325557,0.0,0.0
1780794855.9309165,1780794855.9325557,0.0,0.0
1780794855.9309165,1780794855.9325557,0.0,0.0
1780794855.9309165,1780794855.9325557,0.0,0.0
1780794855.9309165,1780794855.9325557,0.0,0.0
1780794855.9309165,1780794855.9325557,0.0,0.0
1780794855.9309165,1780794855.9325557,0.0,0.0
1780794855.9309165,1780794855.9325557,0.0,0.0
1780794855.9309165,1780794855.9325557,0.0,0.0
1780794855.9905298,1780794856.0400639,0.0,0.0
1780794856.0210695,1780794856.0432901,0.0,0.0
1780794856.0210695,1780794856.0432901,0.0,0.0
1780794856.0506032,1780794856.062469,0.0,0.0
1780794856.0506032,1780794856.062469,0.0,0.0
1780794856.0801487,1780794856.089762,0.0,0.0
1780794856.0801487,1780794856.089762,0.0,0.0
1780794856.0801487,1780794856.089762,0.0,0.0
1780794856.0801487,1780794856.089762,0.0,0.0
1780794856.1204534,1780794856.1224725,0.0,0.0
1780794856.1204534,1780794856.1224725,0.0,0.0
1780794856.1204534,1780794856.1224725,0.0,0.0
1780794856.1505165,1780794856.152388,0.0,0.0
1780794856.1505165,1780794856.152388,0.0,0.0
1780794856.1505165,1780794856.152388,0.0,0.0
1780794856.1806364,1780794856.1824894,0.0,0.0
1780794856.1806364,1780794856.1824894,0.0,0.0
1780794856.1806364,1780794856.1824894,0.0,0.0
1780794856.2108119,1780794856.212399,0.0,0.0
1780794856.2108119,1780794856.212399,0.0,0.0
1780794856.2108119,1780794856.212399,0.0,0.0
1780794856.2409174,1780794856.2424014,0.0,0.0
1780794856.2409174,1780794856.2424014,0.0,0.0
1780794856.2409174,1780794856.2424014,0.0,0.0
1780794856.2704644,1780794856.2724023,0.0,0.0
1780794856.2704644,1780794856.2724023,0.0,0.0
1780794856.2704644,1780794856.2724023,0.0,0.0
1780794856.2704644,1780794856.2724023,0.0,0.0
1780794856.310508,1780794856.3127248,0.0,0.0
1780794856.310508,1780794856.3127248,0.0,0.0
1780794856.310508,1780794856.3127248,0.0,0.0
1780794856.3405554,1780794856.342407,0.0,0.0
1780794856.3405554,1780794856.342407,0.0,0.0
1780794856.3405554,1780794856.342407,0.0,0.0
1780794856.3706005,1780794856.3724031,0.0,0.0
1780794856.3706005,1780794856.3724031,0.0,0.0
1780794856.3706005,1780794856.3724031,0.0,0.0
1780794856.4001384,1780794856.4024103,0.0,0.0
1780794856.4001384,1780794856.4024103,0.0,0.0
1780794856.4001384,1780794856.4024103,0.0,0.0
1780794856.4305463,1780794856.4324532,0.0,0.0
1780794856.4305463,1780794856.4324532,0.0,0.0
1780794856.4305463,1780794856.4324532,0.0,0.0
1780794856.4610393,1780794856.4702485,0.0,0.0
1780794856.4610393,1780794856.4702485,0.0,0.0
1780794856.4610393,1780794856.4702485,0.0,0.0
1780794856.4919822,1780794856.4923959,0.0,0.0
1780794856.4919822,1780794856.4923959,0.0,0.0
1780794856.4919822,1780794856.4923959,0.0,0.0
1780794856.4919822,1780794856.4923959,0.0,0.0
1780794856.5308979,1780794856.5384295,0.0,0.0
1780794856.5308979,1780794856.5384295,0.0,0.0
1780794856.5308979,1780794856.5384295,0.0,0.0
1780794856.5611687,1780794856.562761,0.0,0.0
1780794856.5611687,1780794856.562761,0.0,0.0
1780794856.5611687,1780794856.562761,0.0,0.0
1780794856.5911713,1780794856.5985148,0.0,0.0
1780794856.5911713,1780794856.5985148,0.0,0.0
1780794856.5911713,1780794856.5985148,0.0,0.0
1780794856.6207209,1780794856.6223876,0.0,0.0
1780794856.6207209,1780794856.6223876,0.0,0.0
1780794856.6207209,1780794856.6223876,0.0,0.0
1780794856.651335,1780794856.6524699,0.0,0.0
1780794856.651335,1780794856.6524699,0.0,0.0
1780794856.651335,1780794856.6524699,0.0,0.0
1780794856.6813395,1780794856.682396,0.0,0.0
1780794856.6813395,1780794856.682396,0.0,0.0
1780794856.6813395,1780794856.682396,0.0,0.0
1780794856.71128,1780794856.7182755,0.0,0.0
1780794856.71128,1780794856.7182755,0.0,0.0
1780794856.71128,1780794856.7182755,0.0,0.0
1780794856.71128,1780794856.7182755,0.0,0.0
1780794856.750528,1780794856.7524784,0.0,0.0
1780794856.750528,1780794856.7524784,0.0,0.0
1780794856.750528,1780794856.7524784,0.0,0.0
1780794856.7815502,1780794856.7824056,0.0,0.0
1780794856.7815502,1780794856.7824056,0.0,0.0
1780794856.7815502,1780794856.7824056,0.0,0.0
1780794856.8107193,1780794856.818302,0.0,0.0
1780794856.8107193,1780794856.818302,0.0,0.0
1780794856.8107193,1780794856.818302,0.0,0.0
1780794856.8410785,1780794856.842387,0.0,0.0
1780794856.8410785,1780794856.842387,0.0,0.0
1780794856.8410785,1780794856.842387,0.0,0.0
1780794856.8717952,1780794856.879557,0.0,0.0
1780794856.8717952,1780794856.879557,0.0,0.0
1780794856.8717952,1780794856.879557,0.0,0.0
1780794856.9012227,1780794856.9027033,0.0,0.0
1780794856.9012227,1780794856.9027033,0.0,0.0
1780794856.9012227,1780794856.9027033,0.0,0.0
1780794856.9310904,1780794856.9323897,0.0,0.0
1780794856.9310904,1780794856.9323897,0.0,0.0
1780794856.9310904,1780794856.9323897,0.0,0.0
1780794856.960757,1780794856.968833,0.0,0.0
1780794856.960757,1780794856.968833,0.0,0.0
1780794856.960757,1780794856.968833,0.0,0.0
1780794856.960757,1780794856.968833,0.0,0.0
1780794857.0010688,1780794857.0110664,0.0,0.0
1780794857.0010688,1780794857.0110664,0.0,0.0
1780794857.0010688,1780794857.0110664,0.0,0.0
1780794857.0306656,1780794857.0324433,0.0,0.0
1780794857.0306656,1780794857.0324433,0.0,0.0
1780794857.0306656,1780794857.0324433,0.0,0.0
1780794857.0611794,1780794857.0627742,0.0,0.0
1780794857.0611794,1780794857.0627742,0.0,0.0
1780794857.0611794,1780794857.0627742,0.0,0.0
1780794857.090993,1780794857.0924513,0.0,0.0
1780794857.090993,1780794857.0924513,0.0,0.0
1780794857.090993,1780794857.0924513,0.0,0.0
1780794857.090993,1780794857.0924513,0.0,0.0
1780794857.090993,1780794857.0924513,0.0,0.0
1780794857.1407585,1780794857.1424062,0.0,0.0
1780794857.1407585,1780794857.1424062,0.0,0.0
1780794857.1407585,1780794857.1424062,0.0,0.0
1780794857.1714816,1780794857.1787694,0.0,0.0
1780794857.1714816,1780794857.1787694,0.0,0.0
1780794857.1714816,1780794857.1787694,0.0,0.0
1780794857.2009275,1780794857.2023954,0.0,0.0
1780794857.2009275,1780794857.2023954,0.0,0.0
1780794857.2009275,1780794857.2023954,0.0,0.0
1780794857.2315319,1780794857.232405,0.0,0.0
1780794857.2315319,1780794857.232405,0.0,0.0
1780794857.2315319,1780794857.232405,0.0,0.0
1780794857.2611508,1780794857.2686708,0.0,0.0
1780794857.2611508,1780794857.2686708,0.0,0.0
1780794857.2611508,1780794857.2686708,0.0,0.0
1780794857.2611508,1780794857.2686708,0.0,0.0
1780794857.2611508,1780794857.2686708,0.0,0.0
1780794857.3106675,1780794857.3127108,0.0,0.0
1780794857.3106675,1780794857.3127108,0.0,0.0
1780794857.3106675,1780794857.3127108,0.0,0.0
1780794857.3411818,1780794857.3424275,0.0,0.0
1780794857.3411818,1780794857.3424275,0.0,0.0
1780794857.3411818,1780794857.3424275,0.0,0.0
1780794857.3718545,1780794857.3783183,0.00888967733425298,0.0
1780794857.3718545,1780794857.3783183,0.00888967733425298,0.0
1780794857.3718545,1780794857.3783183,0.00888967733425298,0.0
1780794857.3718545,1780794857.3783183,0.00888967733425298,0.0
1780794857.3718545,1780794857.3783183,0.00888967733425298,0.0
1780794857.421371,1780794857.422437,0.050148038784095406,0.0
1780794857.421371,1780794857.422437,0.050148038784095406,0.0
1780794857.421371,1780794857.422437,0.050148038784095406,0.0
1780794857.451155,1780794857.4524033,0.0749647980776413,0.0
1780794857.451155,1780794857.4524033,0.0749647980776413,0.0
1780794857.451155,1780794857.4524033,0.0749647980776413,0.0
1780794857.4816716,1780794857.482759,0.10039202863195636,0.0
1780794857.4816716,1780794857.482759,0.10039202863195636,0.0
1780794857.4816716,1780794857.482759,0.10039202863195636,0.0
1780794857.5111847,1780794857.512425,0.12498311420202884,0.0
1780794857.5111847,1780794857.512425,0.12498311420202884,0.0
1780794857.5111847,1780794857.512425,0.12498311420202884,0.0
1780794857.5111847,1780794857.512425,0.12498311420202884,0.0
1780794857.5111847,1780794857.512425,0.12498311420202884,0.0
1780794857.5607007,1780794857.5625181,0.16624107833897783,0.0
1780794857.5607007,1780794857.5625181,0.16624107833897783,0.0
1780794857.5607007,1780794857.5625181,0.16624107833897783,0.0
1780794857.5911758,1780794857.5925388,0.1916337426715637,0.0
1780794857.5911758,1780794857.5925388,0.1916337426715637,0.0
1780794857.5911758,1780794857.5925388,0.1916337426715637,0.0
1780794857.6213093,1780794857.6225243,0.2167417323160004,0.0
1780794857.6213093,1780794857.6225243,0.2167417323160004,0.0
1780794857.6213093,1780794857.6225243,0.2167417323160004,0.0
1780794857.6511195,1780794857.6525173,0.24158034381868546,0.0
1780794857.6511195,1780794857.6525173,0.24158034381868546,0.0
1780794857.6511195,1780794857.6525173,0.24158034381868546,0.0
1780794857.6810327,1780794857.6825109,0.2665047749063533,0.0
1780794857.6810327,1780794857.6825109,0.2665047749063533,0.0
1780794857.6810327,1780794857.6825109,0.2665047749063533,0.0
1780794857.7111225,1780794857.7125473,0.29157641042104043,0.0
1780794857.7111225,1780794857.7125473,0.29157641042104043,0.0
1780794857.7111225,1780794857.7125473,0.29157641042104043,0.0
1780794857.7415557,1780794857.7425065,0.3169341112190036,0.0
1780794857.7415557,1780794857.7425065,0.3169341112190036,0.0
1780794857.7415557,1780794857.7425065,0.3169341112190036,0.0
1780794857.7415557,1780794857.7425065,0.3169341112190036,0.0
1780794857.7808015,1780794857.7825482,0.3496347502570614,0.0
1780794857.7808015,1780794857.7825482,0.3496347502570614,0.0
1780794857.7808015,1780794857.7825482,0.3496347502570614,0.0
1780794857.8104758,1780794857.812744,0.37436012758511633,0.0
1780794857.8104758,1780794857.812744,0.37436012758511633,0.0
1780794857.8104758,1780794857.812744,0.37436012758511633,0.0
1780794857.840992,1780794857.8427174,0.399786960826538,0.0
1780794857.840992,1780794857.8427174,0.399786960826538,0.0
1780794857.840992,1780794857.8427174,0.399786960826538,0.0
1780794857.872042,1780794857.8724318,0.42565858585216465,0.0
1780794857.872042,1780794857.8724318,0.42565858585216465,0.0
1780794857.872042,1780794857.8724318,0.42565858585216465,0.0
1780794857.9014306,1780794857.9027486,0.45014597275704954,0.0
1780794857.9014306,1780794857.9027486,0.45014597275704954,0.0
1780794857.9014306,1780794857.9027486,0.45014597275704954,0.0
1780794857.9314442,1780794857.9324954,0.4751540382087863,0.02680068356794878
1780794857.9314442,1780794857.9324954,0.4751540382087863,0.02680068356794878
1780794857.9314442,1780794857.9324954,0.4751540382087863,0.02680068356794878
1780794857.9615672,1780794857.9629717,0.5002532869695674,0.053699086610324326
1780794857.9615672,1780794857.9629717,0.5002532869695674,0.053699086610324326
1780794857.9615672,1780794857.9629717,0.5002532869695674,0.053699086610324326
1780794857.9615672,1780794857.9629717,0.5002532869695674,0.053699086610324326
1780794858.0011718,1780794858.0024612,0.5332529039599382,0.08906416890864378
1780794858.0011718,1780794858.0024612,0.5332529039599382,0.08906416890864378
1780794858.0011718,1780794858.0024612,0.5332529039599382,0.08906416890864378
1780794858.0306125,1780794858.0324218,0.5577835979702079,0.11535326228694653
1780794858.0306125,1780794858.0324218,0.5577835979702079,0.11535326228694653
1780794858.0306125,1780794858.0324218,0.5577835979702079,0.11535326228694653
1780794858.061127,1780794858.0624843,0.5832090406165025,0.1426012413140906
1780794858.061127,1780794858.0624843,0.5832090406165025,0.1426012413140906
1780794858.061127,1780794858.0624843,0.5832090406165025,0.1426012413140906
1780794858.0916429,1780794858.0923378,0.6086356752014773,0.16985049771998537
1780794858.0916429,1780794858.0923378,0.6086356752014773,0.16985049771998537
1780794858.0916429,1780794858.0923378,0.6086356752014773,0.16985049771998537
1780794858.1211083,1780794858.122339,0.633187029482206,0.19616173232996653
1780794858.1211083,1780794858.122339,0.633187029482206,0.19616173232996653
1780794858.1211083,1780794858.122339,0.633187029482206,0.19616173232996653
1780794858.15111,1780794858.1523235,0.6581851621116068,0.22295177107499298
1780794858.15111,1780794858.1523235,0.6581851621116068,0.22295177107499298
1780794858.15111,1780794858.1523235,0.6581851621116068,0.22295177107499298
1780794858.1812327,1780794858.1828518,0.6832842122159412,0.2498499612209101
1780794858.1812327,1780794858.1828518,0.6832842122159412,0.2498499612209101
1780794858.1812327,1780794858.1828518,0.6832842122159412,0.2498499612209101
1780794858.1812327,1780794858.1828518,0.6832842122159412,0.2498499612209101
1780794858.2203264,1780794858.2223446,0.7158581084409918,0.2847588064087795
1780794858.2203264,1780794858.2223446,0.7158581084409918,0.2847588064087795
1780794858.2203264,1780794858.2223446,0.7158581084409918,0.2847588064087795
1780794858.250841,1780794858.2523437,0.7412835510872865,0.3120067854359236
1780794858.250841,1780794858.2523437,0.7412835510872865,0.3120067854359236
1780794858.250841,1780794858.2523437,0.7412835510872865,0.3120067854359236
1780794858.2804976,1780794858.2903693,0.7659942278382841,0.3384887630055785
1780794858.2804976,1780794858.2903693,0.7659942278382841,0.3384887630055785
1780794858.2804976,1780794858.2903693,0.7659942278382841,0.3384887630055785
1780794858.3119063,1780794858.3124962,0.7921648308162237,0.36653531664835404
1780794858.3119063,1780794858.3124962,0.7921648308162237,0.36653531664835404
1780794858.3119063,1780794858.3124962,0.7921648308162237,0.36653531664835404
1780794858.3406317,1780794858.3423395,0.8160995554863348,0.3921857206513184
1780794858.3406317,1780794858.3423395,0.8160995554863348,0.3921857206513184
1780794858.3406317,1780794858.3423395,0.8160995554863348,0.3921857206513184
1780794858.3712945,1780794858.372336,0.841648562442489,0.419566121275616
1780794858.3712945,1780794858.372336,0.841648562442489,0.419566121275616
1780794858.3712945,1780794858.372336,0.841648562442489,0.419566121275616
1780794858.401149,1780794858.4024787,0.8665241240442638,0.4462248029057812
1780794858.401149,1780794858.4024787,0.8665241240442638,0.4462248029057812
1780794858.401149,1780794858.4024787,0.8665241240442638,0.4462248029057812
1780794858.401149,1780794858.4024787,0.8665241240442638,0.4462248029057812
1780794858.4404812,1780794858.4423418,0.8992966767160341,0.48134654455209674
1780794858.4404812,1780794858.4423418,0.8992966767160341,0.48134654455209674
1780794858.4404812,1780794858.4423418,0.8992966767160341,0.48134654455209674
1780794858.4719949,1780794858.4723322,0.00924266451084647,0.5094867726365885
1780794858.4719949,1780794858.4723322,0.00924266451084647,0.5094867726365885
1780794858.4719949,1780794858.4723322,0.00924266451084647,0.5094867726365885
1780794858.501511,1780794858.5091546,0.034905216463003846,0.5358433541922186
1780794858.501511,1780794858.5091546,0.034905216463003846,0.5358433541922186
1780794858.501511,1780794858.5091546,0.034905216463003846,0.5358433541922186
1780794858.5318477,1780794858.5331957,0.061281054693572964,0.562932512461362
1780794858.5318477,1780794858.5331957,0.061281054693572964,0.562932512461362
1780794858.5318477,1780794858.5331957,0.061281054693572964,0.562932512461362
1780794858.5613573,1780794858.5623791,0.08693780251443259,0.5892831329161556
1780794858.5613573,1780794858.5623791,0.08693780251443259,0.5892831329161556
1780794858.5613573,1780794858.5623791,0.08693780251443259,0.5892831329161556
1780794858.5922756,1780794858.5924644,0.11381942932951919,0.6168917585439074
1780794858.5922756,1780794858.5924644,0.11381942932951919,0.6168917585439074
1780794858.5922756,1780794858.5924644,0.11381942932951919,0.6168917585439074
1780794858.6228862,1780794858.6229932,0.1404334442336992,0.6442255348438053
1780794858.6228862,1780794858.6229932,0.1404334442336992,0.6442255348438053
1780794858.6228862,1780794858.6229932,0.1404334442336992,0.6442255348438053
1780794858.6520195,1780794858.6523337,0.1657630877978504,0.670240204687171
1780794858.6520195,1780794858.6523337,0.1657630877978504,0.670240204687171
1780794858.6520195,1780794858.6523337,0.1657630877978504,0.670240204687171
1780794858.6520195,1780794858.6523337,0.1657630877978504,0.670240204687171
1780794858.6911266,1780794858.6923325,0.199764310811231,0.7051609720767134
1780794858.6911266,1780794858.6923325,0.199764310811231,0.7051609720767134
1780794858.6911266,1780794858.6923325,0.199764310811231,0.7051609720767134
1780794858.7226408,1780794858.722472,0.22716395634464104,0.7333016259541221
1780794858.7226408,1780794858.722472,0.22716395634464104,0.7333016259541221
1780794858.7226408,1780794858.722472,0.22716395634464104,0.7333016259541221
1780794858.7514248,1780794858.752317,0.25218991946767827,0.7590044024858642
1780794858.7514248,1780794858.752317,0.25218991946767827,0.7590044024858642
1780794858.7514248,1780794858.752317,0.25218991946767827,0.7590044024858642
1780794858.7812483,1780794858.7823634,0.2781196687499352,0.7856354075764315
1780794858.7812483,1780794858.7823634,0.2781196687499352,0.7856354075764315
1780794858.7812483,1780794858.7823634,0.2781196687499352,0.7856354075764315
1780794858.8109417,1780794858.8123367,0.30393623747188625,0.8121501712006871
1780794858.8109417,1780794858.8123367,0.30393623747188625,0.8121501712006871
1780794858.8109417,1780794858.8123367,0.30393623747188625,0.8121501712006871
1780794858.8420672,1780794858.842328,0.3309979996476063,0.8399438038508286
1780794858.8420672,1780794858.842328,0.3309979996476063,0.8399438038508286
1780794858.8420672,1780794858.842328,0.3309979996476063,0.8399438038508286
1780794858.8420672,1780794858.842328,0.3309979996476063,0.8399438038508286
1780794858.880701,1780794858.8823137,0.3645877512100577,0.8744419717703554
1780794858.880701,1780794858.8823137,0.3645877512100577,0.8744419717703554
1780794858.880701,1780794858.8823137,0.3645877512100577,0.8744419717703554
1780794858.9111366,1780794858.9218605,0.3910496149580755,0.9016194820697538
1780794858.9111366,1780794858.9218605,0.3910496149580755,0.9016194820697538
1780794858.9111366,1780794858.9218605,0.3910496149580755,0.9016194820697538
1780794858.9418755,1780794858.9423344,0.4177751520993336,0.9290677966642957
1780794858.9418755,1780794858.9423344,0.4177751520993336,0.9290677966642957
1780794858.9418755,1780794858.9423344,0.4177751520993336,0.9290677966642957
1780794858.9418755,1780794858.9423344,0.4177751520993336,0.9290677966642957
1780794858.9418755,1780794858.9423344,0.4177751520993336,0.9290677966642957
1780794858.9905925,1780794858.999748,0.46013162940621666,0.9725697816044261
1780794858.9905925,1780794858.999748,0.46013162940621666,0.9725697816044261
1780794858.9905925,1780794858.999748,0.46013162940621666,0.9725697816044261
1780794859.0221074,1780794859.022333,0.48753189681083714,1.00071107417121
1780794859.0221074,1780794859.022333,0.48753189681083714,1.00071107417121
1780794859.0221074,1780794859.022333,0.48753189681083714,1.00071107417121
1780794859.0517905,1780794859.052345,0.513339552045438,0.009454403411444025
1780794859.0517905,1780794859.052345,0.513339552045438,0.009454403411444025
1780794859.0517905,1780794859.052345,0.513339552045438,0.009454403411444025
1780794859.0517905,1780794859.052345,0.513339552045438,0.009454403411444025
1780794859.0517905,1780794859.052345,0.513339552045438,0.009454403411444025
1780794859.1010778,1780794859.1023445,0.5561918679974711,0.053080014438746485
1780794859.1010778,1780794859.1023445,0.5561918679974711,0.053080014438746485
1780794859.1010778,1780794859.1023445,0.5561918679974711,0.053080014438746485
1780794859.1317468,1780794859.1331518,0.5828566690505063,0.08022599740410669
1780794859.1317468,1780794859.1331518,0.5828566690505063,0.08022599740410669
1780794859.1317468,1780794859.1331518,0.5828566690505063,0.08022599740410669
1780794859.1613724,1780794859.1623406,0.608614367297866,0.10644850836374203
1780794859.1613724,1780794859.1623406,0.608614367297866,0.10644850836374203
1780794859.1613724,1780794859.1623406,0.608614367297866,0.10644850836374203
1780794859.1923745,1780794859.1923397,0.6355687530445778,0.13388930174774885
1780794859.1923745,1780794859.1923397,0.6355687530445778,0.13388930174774885
1780794859.1923745,1780794859.1923397,0.6355687530445778,0.13388930174774885
1780794859.2219522,1780794859.2226944,0.6612847859208358,0.1600693954603205
1780794859.2219522,1780794859.2226944,0.6612847859208358,0.1600693954603205
1780794859.2219522,1780794859.2226944,0.6612847859208358,0.1600693954603205
1780794859.2219522,1780794859.2226944,0.6612847859208358,0.1600693954603205
1780794859.2611928,1780794859.2623413,0.6954020915601712,0.19480236781092292
1780794859.2611928,1780794859.2623413,0.6954020915601712,0.19480236781092292
1780794859.2611928,1780794859.2623413,0.6954020915601712,0.19480236781092292
1780794859.2917066,1780794859.292878,0.7219319465605339,0.22181096954325594
1780794859.2917066,1780794859.292878,0.7219319465605339,0.22181096954325594
1780794859.2917066,1780794859.292878,0.7219319465605339,0.22181096954325594
1780794859.3211665,1780794859.329194,0.7475455779774676,0.24788681390234768
1780794859.3211665,1780794859.329194,0.7475455779774676,0.24788681390234768
1780794859.3211665,1780794859.329194,0.7475455779774676,0.24788681390234768
1780794859.3507702,1780794859.352338,0.773284205507706,0.2740899100026305
1780794859.3507702,1780794859.352338,0.773284205507706,0.2740899100026305
1780794859.3507702,1780794859.352338,0.773284205507706,0.2740899100026305
1780794859.381564,1780794859.3823438,0.8000574194417669,0.30134626222278826
1780794859.381564,1780794859.3823438,0.8000574194417669,0.30134626222278826
1780794859.381564,1780794859.3823438,0.8000574194417669,0.30134626222278826
1780794859.381564,1780794859.3823438,0.8000574194417669,0.30134626222278826
1780794859.381564,1780794859.3823438,0.8000574194417669,0.30134626222278826
1780794859.430759,1780794859.4323337,0.842829514007649,0.3448902042221621
1780794859.430759,1780794859.4323337,0.842829514007649,0.3448902042221621
1780794859.430759,1780794859.4323337,0.842829514007649,0.3448902042221621
1780794859.4602742,1780794859.462337,0.8684912367981924,0.371015007791795
1780794859.4602742,1780794859.462337,0.8684912367981924,0.371015007791795
1780794859.4602742,1780794859.462337,0.8684912367981924,0.371015007791795
1780794859.4910197,1780794859.4923356,0.8952225780707482,0.3982287317338092
1780794859.4910197,1780794859.4923356,0.8952225780707482,0.3982287317338092
1780794859.4910197,1780794859.4923356,0.8952225780707482,0.3982287317338092
1780794859.4910197,1780794859.4923356,0.8952225780707482,0.3982287317338092
1780794859.4910197,1780794859.4923356,0.8952225780707482,0.3982287317338092
1780794859.541169,1780794859.5423596,0.9388242488314004,0.44261722011501825
1780794859.541169,1780794859.5423596,0.9388242488314004,0.44261722011501825
1780794859.541169,1780794859.5423596,0.9388242488314004,0.44261722011501825
1780794859.5716834,1780794859.580199,0.9653547257029735,0.4696264549405911
1780794859.5716834,1780794859.580199,0.9653547257029735,0.4696264549405911
1780794859.5716834,1780794859.580199,0.9653547257029735,0.4696264549405911
1780794859.602009,1780794859.6023555,0.9917210285749821,0.49646855315086813
1780794859.602009,1780794859.6023555,0.9917210285749821,0.49646855315086813
1780794859.602009,1780794859.6023555,0.9917210285749821,0.49646855315086813
1780794859.6314266,1780794859.6328487,0.025647512064948367,0.5225068339777343
1780794859.6314266,1780794859.6328487,0.025647512064948367,0.5225068339777343
1780794859.6314266,1780794859.6328487,0.025647512064948367,0.5225068339777343
1780794859.6612961,1780794859.6623473,0.05168913434398214,0.5489452297321267
1780794859.6612961,1780794859.6623473,0.05168913434398214,0.5489452297321267
1780794859.6612961,1780794859.6623473,0.05168913434398214,0.5489452297321267
1780794859.6917648,1780794859.6923423,0.07825311894790865,0.575913946590355
1780794859.6917648,1780794859.6923423,0.07825311894790865,0.575913946590355
1780794859.6917648,1780794859.6923423,0.07825311894790865,0.575913946590355
1780794859.7215676,1780794859.7224977,0.10423653929659225,0.6022932536423701
1780794859.7215676,1780794859.7224977,0.10423653929659225,0.6022932536423701
1780794859.7215676,1780794859.7224977,0.10423653929659225,0.6022932536423701
1780794859.7215676,1780794859.7224977,0.10423653929659225,0.6022932536423701
1780794859.7607245,1780794859.7623403,0.13837529727155587,0.6369521540839209
1780794859.7607245,1780794859.7623403,0.13837529727155587,0.6369521540839209
1780794859.7607245,1780794859.7623403,0.13837529727155587,0.6369521540839209
1780794859.7915142,1780794859.7923489,0.1652190668692371,0.6642049187757201
1780794859.7915142,1780794859.7923489,0.1652190668692371,0.6642049187757201
1780794859.7915142,1780794859.7923489,0.1652190668692371,0.6642049187757201
1780794859.7915142,1780794859.7923489,0.1652190668692371,0.6642049187757201
1780794859.8319912,1780794859.8323398,0.20050876801687523,0.7000322983067816
1780794859.8319912,1780794859.8323398,0.20050876801687523,0.7000322983067816
1780794859.8319912,1780794859.8323398,0.20050876801687523,0.7000322983067816
1780794859.8319912,1780794859.8323398,0.20050876801687523,0.7000322983067816
1780794859.8714986,1780794859.879118,0.2349530861261772,0.7350014144358131
1780794859.8714986,1780794859.879118,0.2349530861261772,0.7350014144358131
1780794859.8714986,1780794859.879118,0.2349530861261772,0.7350014144358131
1780794859.9010825,1780794859.9023356,0.26074568728892705,0.7611869949564627
1780794859.9010825,1780794859.9023356,0.26074568728892705,0.7611869949564627
1780794859.9010825,1780794859.9023356,0.26074568728892705,0.7611869949564627
1780794859.9318564,1780794859.9327872,0.2875757378601686,0.7884258315969872
1780794859.9318564,1780794859.9327872,0.2875757378601686,0.7884258315969872
1780794859.9318564,1780794859.9327872,0.2875757378601686,0.7884258315969872
1780794859.9605324,1780794859.9629917,0.3125767927701562,0.8138078057653058
1780794859.9605324,1780794859.9629917,0.3125767927701562,0.8138078057653058
1780794859.9605324,1780794859.9629917,0.3125767927701562,0.8138078057653058
1780794859.991534,1780794859.9923236,0.33960535349669924,0.8412481770871528
1780794859.991534,1780794859.9923236,0.33960535349669924,0.8412481770871528
1780794859.991534,1780794859.9923236,0.33960535349669924,0.8412481770871528
1780794860.0212665,1780794860.0223374,0.36552745395447817,0.8675652299705917
1780794860.0212665,1780794860.0223374,0.36552745395447817,0.8675652299705917
1780794860.0212665,1780794860.0223374,0.36552745395447817,0.8675652299705917
1780794860.0212665,1780794860.0223374,0.36552745395447817,0.8675652299705917
1780794860.0603602,1780794860.069355,0.3996111279596461,0.9021682071759641
1780794860.0603602,1780794860.069355,0.3996111279596461,0.9021682071759641
1780794860.0603602,1780794860.069355,0.3996111279596461,0.9021682071759641
1780794860.0603602,1780794860.069355,0.3996111279596461,0.9021682071759641
1780794860.101362,1780794860.102345,0.43535833785264394,0.9384600661139271
1780794860.101362,1780794860.102345,0.43535833785264394,0.9384600661139271
1780794860.101362,1780794860.102345,0.43535833785264394,0.9384600661139271
1780794860.1319351,1780794860.132852,0.4620133669047611,0.9655212145851598
1780794860.1319351,1780794860.132852,0.4620133669047611,0.9655212145851598
1780794860.1319351,1780794860.132852,0.4620133669047611,0.9655212145851598
1780794860.1617694,1780794860.1623442,0.48802422530632406,0.9919283777397242
1780794860.1617694,1780794860.1623442,0.48802422530632406,0.9919283777397242
1780794860.1617694,1780794860.1623442,0.48802422530632406,0.9919283777397242
1780794860.1617694,1780794860.1623442,0.48802422530632406,0.9919283777397242
1780794860.200827,1780794860.2023358,0.5220763039778733,0.025189582107245992
1780794860.200827,1780794860.2023358,0.5220763039778733,0.025189582107245992
1780794860.2214096,1780794860.22268,0.5400212062890511,0.043400011390746916
1780794860.2214096,1780794860.22268,0.5400212062890511,0.043400011390746916
1780794860.2214096,1780794860.22268,0.5400212062890511,0.043400011390746916
1780794860.2214096,1780794860.22268,0.5400212062890511,0.043400011390746916
1780794860.2609966,1780794860.2623367,0.5745349509866994,0.07842444876167816
1780794860.2609966,1780794860.2623367,0.5745349509866994,0.07842444876167816
1780794860.2609966,1780794860.2623367,0.5745349509866994,0.07842444876167816
1780794860.2915108,1780794860.2923756,0.6011386376216862,0.10542178459253822
1780794860.2915108,1780794860.2923756,0.6011386376216862,0.10542178459253822
1780794860.2915108,1780794860.2923756,0.6011386376216862,0.10542178459253822
1780794860.322026,1780794860.3223498,0.6277431557128209,0.13241996418242913
1780794860.322026,1780794860.3223498,0.6277431557128209,0.13241996418242913
1780794860.322026,1780794860.3223498,0.6277431557128209,0.13241996418242913
1780794860.322026,1780794860.3223498,0.6277431557128209,0.13241996418242913
1780794860.322026,1780794860.3223498,0.6277431557128209,0.13241996418242913
1780794860.3712027,1780794860.3731205,0.6706176077052705,0.17592882048815678
1780794860.3712027,1780794860.3731205,0.6706176077052705,0.17592882048815678
1780794860.3712027,1780794860.3731205,0.6706176077052705,0.17592882048815678
1780794860.4012742,1780794860.402982,0.6968352908236134,0.20253444118894084
1780794860.4012742,1780794860.402982,0.6968352908236134,0.20253444118894084
1780794860.4012742,1780794860.402982,0.6968352908236134,0.20253444118894084
1780794860.4310176,1780794860.4323354,0.7227669530270928,0.22884980878310962
1780794860.4310176,1780794860.4323354,0.7227669530270928,0.22884980878310962
1780794860.4310176,1780794860.4323354,0.7227669530270928,0.22884980878310962
1780794860.460379,1780794860.4686828,0.7483654091793175,0.2548270399456619
1780794860.460379,1780794860.4686828,0.7483654091793175,0.2548270399456619
1780794860.460379,1780794860.4686828,0.7483654091793175,0.2548270399456619
1780794860.4918542,1780794860.492335,0.7758069957473097,0.2826746739398695
1780794860.4918542,1780794860.492335,0.7758069957473097,0.2826746739398695
1780794860.4918542,1780794860.492335,0.7758069957473097,0.2826746739398695
1780794860.5223393,1780794860.5223455,0.8023853229697867,0.3096462751202884
1780794860.5223393,1780794860.5223455,0.8023853229697867,0.3096462751202884
1780794860.5223393,1780794860.5223455,0.8023853229697867,0.3096462751202884
1780794860.5513513,1780794860.5523615,0.8276792583078578,0.3353144795377888
1780794860.5513513,1780794860.5523615,0.8276792583078578,0.3353144795377888
1780794860.5513513,1780794860.5523615,0.8276792583078578,0.3353144795377888
1780794860.5513513,1780794860.5523615,0.8276792583078578,0.3353144795377888
1780794860.591501,1780794860.592398,0.8626835621327432,0.37083673473692647
1780794860.591501,1780794860.592398,0.8626835621327432,0.37083673473692647
1780794860.591501,1780794860.592398,0.8626835621327432,0.37083673473692647
1780794860.6210148,1780794860.6223595,0.8884150512686254,0.3969489673444161
1780794860.6210148,1780794860.6223595,0.8884150512686254,0.3969489673444161
1780794860.6210148,1780794860.6223595,0.8884150512686254,0.3969489673444161
1780794860.650756,1780794860.6524215,0.9143446348317351,0.42326222554100773
1780794860.650756,1780794860.6524215,0.9143446348317351,0.42326222554100773
1780794860.650756,1780794860.6524215,0.9143446348317351,0.42326222554100773
1780794860.6808176,1780794860.682344,0.9405537955245625,0.4498591977117255
1780794860.6808176,1780794860.682344,0.9405537955245625,0.4498591977117255
1780794860.6808176,1780794860.682344,0.9405537955245625,0.4498591977117255
1780794860.7112448,1780794860.7123516,0.9670816117860572,0.47677954053101973
1780794860.7112448,1780794860.7123516,0.9670816117860572,0.47677954053101973
1780794860.7112448,1780794860.7123516,0.9670816117860572,0.47677954053101973
1780794860.7112448,1780794860.7123516,0.9670816117860572,0.47677954053101973
1780794860.7112448,1780794860.7123516,0.9670816117860572,0.47677954053101973
1780794860.7617621,1780794860.7709062,0.04440873748747903,0.5214745110943766
1780794860.7617621,1780794860.7709062,0.04440873748747903,0.5214745110943766
1780794860.7617621,1780794860.7709062,0.04440873748747903,0.5214745110943766
1780794860.7912786,1780794860.792935,0.07035604904651997,0.547589064039201
1780794860.7912786,1780794860.792935,0.07035604904651997,0.547589064039201
1780794860.7912786,1780794860.792935,0.07035604904651997,0.547589064039201
1780794860.8207939,1780794860.8226678,0.09630231266121642,0.573702562285237
1780794860.8207939,1780794860.8226678,0.09630231266121642,0.573702562285237
1780794860.8207939,1780794860.8226678,0.09630231266121642,0.573702562285237
1780794860.8511662,1780794860.852338,0.12300204825961857,0.6005743889602568
1780794860.8511662,1780794860.852338,0.12300204825961857,0.6005743889602568
1780794860.8511662,1780794860.852338,0.12300204825961857,0.6005743889602568
1780794860.8811684,1780794860.8823261,0.1493762923446146,0.6271186261915459
1780794860.8811684,1780794860.8823261,0.1493762923446146,0.6271186261915459
1780794860.8811684,1780794860.8823261,0.1493762923446146,0.6271186261915459
1780794860.9116979,1780794860.913244,0.17621414700762375,0.6541294621668997
1780794860.9116979,1780794860.913244,0.17621414700762375,0.6541294621668997
1780794860.9116979,1780794860.913244,0.17621414700762375,0.6541294621668997
1780794860.9419558,1780794860.943122,0.20281327994895254,0.6809000377582166
1780794860.9419558,1780794860.943122,0.20281327994895254,0.6809000377582166
1780794860.9419558,1780794860.943122,0.20281327994895254,0.6809000377582166
1780794860.9419558,1780794860.943122,0.20281327994895254,0.6809000377582166
1780794860.9815009,1780794860.9823897,0.2375765281006538,0.7158873497317901
1780794860.9815009,1780794860.9823897,0.2375765281006538,0.7158873497317901
1780794860.9815009,1780794860.9823897,0.2375765281006538,0.7158873497317901
1780794861.0110161,1780794861.0123508,0.26352279171535026,0.7420008479778261
1780794861.0110161,1780794861.0123508,0.26352279171535026,0.7420008479778261
1780794861.0110161,1780794861.0123508,0.26352279171535026,0.7420008479778261
1780794861.0415883,1780794861.0433736,0.290398162785893,0.7690494421698107
1780794861.0415883,1780794861.0433736,0.290398162785893,0.7690494421698107
1780794861.0415883,1780794861.0433736,0.290398162785893,0.7690494421698107
1780794861.0721035,1780794861.0733771,0.31722344211676795,0.7960476217597017
1780794861.0721035,1780794861.0733771,0.31722344211676795,0.7960476217597017
1780794861.0721035,1780794861.0733771,0.31722344211676795,0.7960476217597017
1780794861.0721035,1780794861.0733771,0.31722344211676795,0.7960476217597017
1780794861.0721035,1780794861.0733771,0.31722344211676795,0.7960476217597017
1780794861.12162,1780794861.1230066,0.36075232553259284,0.8398570672201726
1780794861.12162,1780794861.1230066,0.36075232553259284,0.8398570672201726
1780794861.12162,1780794861.1230066,0.36075232553259284,0.8398570672201726
1780794861.151656,1780794861.1531005,0.3871563312369731,0.8664312578970572
1780794861.151656,1780794861.1531005,0.3871563312369731,0.8664312578970572
1780794861.151656,1780794861.1531005,0.3871563312369731,0.8664312578970572
1780794861.1821275,1780794861.1823409,0.4139432558048388,0.8933908355112863
1780794861.1821275,1780794861.1823409,0.4139432558048388,0.8933908355112863
1780794861.1821275,1780794861.1823409,0.4139432558048388,0.8933908355112863
1780794861.2111294,1780794861.2128685,0.4394382745847874,0.9190501804589627
1780794861.2111294,1780794861.2128685,0.4394382745847874,0.9190501804589627
1780794861.2111294,1780794861.2128685,0.4394382745847874,0.9190501804589627
1780794861.2418833,1780794861.2423534,0.4664733523734341,0.946259510746326
1780794861.2418833,1780794861.2423534,0.4664733523734341,0.946259510746326
1780794861.2418833,1780794861.2423534,0.4664733523734341,0.946259510746326
1780794861.2717829,1780794861.2724085,0.49275747324480196,0.9727130438817978
1780794861.2717829,1780794861.2724085,0.49275747324480196,0.9727130438817978
1780794861.2717829,1780794861.2724085,0.49275747324480196,0.9727130438817978
1780794861.2717829,1780794861.2724085,0.49275747324480196,0.9727130438817978
1780794861.3112352,1780794861.313244,0.5274391913265,0.008860316449669869
1780794861.3112352,1780794861.313244,0.5274391913265,0.008860316449669869
1780794861.3112352,1780794861.313244,0.5274391913265,0.008860316449669869
1780794861.3405545,1780794861.3423932,0.5532131728909583,0.03480846141124979
1780794861.3405545,1780794861.3423932,0.5532131728909583,0.03480846141124979
1780794861.3405545,1780794861.3423932,0.5532131728909583,0.03480846141124979
1780794861.3718848,1780794861.3730335,0.5807550365646121,0.0625364346515791
1780794861.3718848,1780794861.3730335,0.5807550365646121,0.0625364346515791
1780794861.3718848,1780794861.3730335,0.5807550365646121,0.0625364346515791
1780794861.4016342,1780794861.40242,0.6069071164485711,0.08886523286921875
1780794861.4016342,1780794861.40242,0.6069071164485711,0.08886523286921875
1780794861.4016342,1780794861.40242,0.6069071164485711,0.08886523286921875
1780794861.4321396,1780794861.4323745,0.6337238026358211,0.11586312835679491
1780794861.4321396,1780794861.4323745,0.6337238026358211,0.11586312835679491
1780794861.4321396,1780794861.4323745,0.6337238026358211,0.11586312835679491
1780794861.461491,1780794861.4631014,0.6595260786975813,0.14183975901104004
1780794861.461491,1780794861.4631014,0.6595260786975813,0.14183975901104004
1780794861.461491,1780794861.4631014,0.6595260786975813,0.14183975901104004
1780794861.4914954,1780794861.4924076,0.6859022090823974,0.1683941217135621
1780794861.4914954,1780794861.4924076,0.6859022090823974,0.1683941217135621
1780794861.4914954,1780794861.4924076,0.6859022090823974,0.1683941217135621
1780794861.5218246,1780794861.5224035,0.7125640090955282,0.19523608440943752
1780794861.5218246,1780794861.5224035,0.7125640090955282,0.19523608440943752
1780794861.5218246,1780794861.5224035,0.7125640090955282,0.19523608440943752
1780794861.5218246,1780794861.5224035,0.7125640090955282,0.19523608440943752
1780794861.5611055,1780794861.5683694,0.7470950327804851,0.23000044574833892
1780794861.5611055,1780794861.5683694,0.7470950327804851,0.23000044574833892
1780794861.5611055,1780794861.5683694,0.7470950327804851,0.23000044574833892
1780794861.5916207,1780794861.5924244,0.77392031211136,0.25700699244628006
1780794861.5916207,1780794861.5924244,0.77392031211136,0.25700699244628006
1780794861.5916207,1780794861.5924244,0.77392031211136,0.25700699244628006
1780794861.6220882,1780794861.6224172,0.8007036736684544,0.28397133811805053
1780794861.6220882,1780794861.6224172,0.8007036736684544,0.28397133811805053
1780794861.6220882,1780794861.6224172,0.8007036736684544,0.28397133811805053
1780794861.65115,1780794861.6527503,0.8262512992544976,0.30969159753830866
1780794861.65115,1780794861.6527503,0.8262512992544976,0.30969159753830866
1780794861.65115,1780794861.6527503,0.8262512992544976,0.30969159753830866
1780794861.682227,1780794861.68247,0.8535703699605077,0.33719527232454066
1780794861.682227,1780794861.68247,0.8535703699605077,0.33719527232454066
1780794861.682227,1780794861.68247,0.8535703699605077,0.33719527232454066
1780794861.7112293,1780794861.71862,0.8790658079181941,0.3628629914672163
1780794861.7112293,1780794861.71862,0.8790658079181941,0.3628629914672163
1780794861.7112293,1780794861.71862,0.8790658079181941,0.3628629914672163
1780794861.7411869,1780794861.7424867,0.9054008588847053,0.38937599716409105
1780794861.7411869,1780794861.7424867,0.9054008588847053,0.38937599716409105
1780794861.7411869,1780794861.7424867,0.9054008588847053,0.38937599716409105
1780794861.7716186,1780794861.7723966,0.9321527821114642,0.41630869206623344
1780794861.7716186,1780794861.7723966,0.9321527821114642,0.41630869206623344
1780794861.7716186,1780794861.7723966,0.9321527821114642,0.41630869206623344
1780794861.7716186,1780794861.7723966,0.9321527821114642,0.41630869206623344
1780794861.8111458,1780794861.8124068,0.9669003110979978,0.45129102170530655
1780794861.8111458,1780794861.8124068,0.9669003110979978,0.45129102170530655
1780794861.8111458,1780794861.8124068,0.9669003110979978,0.45129102170530655
1780794861.8409262,1780794861.8424213,0.9930796375349142,0.47764725058995716
1780794861.8409262,1780794861.8424213,0.9930796375349142,0.47764725058995716
1780794861.8409262,1780794861.8424213,0.9930796375349142,0.47764725058995716
1780794861.8706696,1780794861.872539,0.026183079442274992,0.5039707736793255
1780794861.8706696,1780794861.872539,0.026183079442274992,0.5039707736793255
1780794861.8706696,1780794861.872539,0.026183079442274992,0.5039707736793255
1780794861.90128,1780794861.9024968,0.053129280227139836,0.5310615114244772
1780794861.90128,1780794861.9024968,0.053129280227139836,0.5310615114244772
1780794861.90128,1780794861.9024968,0.053129280227139836,0.5310615114244772
1780794861.9310465,1780794861.932402,0.07933271796705818,0.5574055020115383
1780794861.9310465,1780794861.932402,0.07933271796705818,0.5574055020115383
1780794861.9310465,1780794861.932402,0.07933271796705818,0.5574055020115383
1780794861.9611356,1780794861.9624257,0.10582012247719766,0.5840349825406442
1780794861.9611356,1780794861.9624257,0.10582012247719766,0.5840349825406442
1780794861.9611356,1780794861.9624257,0.10582012247719766,0.5840349825406442
1780794861.9611356,1780794861.9624257,0.10582012247719766,0.5840349825406442
1780794862.001177,1780794862.0024264,0.14106852099276293,0.6194724502469683
1780794862.001177,1780794862.0024264,0.14106852099276293,0.6194724502469683
1780794862.001177,1780794862.0024264,0.14106852099276293,0.6194724502469683
1780794862.0312483,1780794862.032413,0.16754018455111633,0.6460861053912602
1780794862.0312483,1780794862.032413,0.16754018455111633,0.6460861053912602
1780794862.0312483,1780794862.032413,0.16754018455111633,0.6460861053912602
1780794862.060939,1780794862.0688112,0.19367688065546163,0.6723629963467099
1780794862.060939,1780794862.0688112,0.19367688065546163,0.6723629963467099
1780794862.060939,1780794862.0688112,0.19367688065546163,0.6723629963467099
1780794862.090941,1780794862.0924048,0.22008746932088497,0.6989152489979235
1780794862.090941,1780794862.0924048,0.22008746932088497,0.6989152489979235
1780794862.090941,1780794862.0924048,0.22008746932088497,0.6989152489979235
1780794862.1216326,1780794862.1288767,0.24710523896653724,0.7260779394926962
1780794862.1216326,1780794862.1288767,0.24710523896653724,0.7260779394926962
1780794862.1216326,1780794862.1288767,0.24710523896653724,0.7260779394926962
1780794862.1511605,1780794862.152407,0.2730985874699505,0.7522107139437729
1780794862.1511605,1780794862.152407,0.2730985874699505,0.7522107139437729
1780794862.1511605,1780794862.152407,0.2730985874699505,0.7522107139437729
1780794862.1511605,1780794862.152407,0.2730985874699505,0.7522107139437729
1780794862.190692,1780794862.1924026,0.3078980540405764,0.7871968416752014
1780794862.190692,1780794862.1924026,0.3078980540405764,0.7871968416752014
1780794862.190692,1780794862.1924026,0.3078980540405764,0.7871968416752014
1780794862.2214615,1780794862.222717,0.334984454236016,0.8144285308477632
1780794862.2214615,1780794862.222717,0.334984454236016,0.8144285308477632
1780794862.2214615,1780794862.222717,0.334984454236016,0.8144285308477632
1780794862.250976,1780794862.2524695,0.36096604949542904,0.8405494890115122
1780794862.250976,1780794862.2524695,0.36096604949542904,0.8405494890115122
1780794862.250976,1780794862.2524695,0.36096604949542904,0.8405494890115122
1780794862.250976,1780794862.2524695,0.36096604949542904,0.8405494890115122
1780794862.250976,1780794862.2524695,0.36096604949542904,0.8405494890115122
1780794862.3006916,1780794862.302399,0.4047305128066285,0.8845487009073484
1780794862.3006916,1780794862.302399,0.4047305128066285,0.8845487009073484
1780794862.3006916,1780794862.302399,0.4047305128066285,0.8845487009073484
1780794862.3311467,1780794862.3324087,0.43154008212999007,0.9115020743123144
1780794862.3311467,1780794862.3324087,0.43154008212999007,0.9115020743123144
1780794862.3311467,1780794862.3324087,0.43154008212999007,0.9115020743123144
1780794862.3605957,1780794862.3685536,0.4574639605661873,0.9375650060650788
1780794862.3605957,1780794862.3685536,0.4574639605661873,0.9375650060650788
1780794862.3605957,1780794862.3685536,0.4574639605661873,0.9375650060650788
1780794862.392055,1780794862.3926942,0.48515754174185594,0.9654071330811997
1780794862.392055,1780794862.3926942,0.48515754174185594,0.9654071330811997
1780794862.392055,1780794862.3926942,0.48515754174185594,0.9654071330811997
1780794862.4215553,1780794862.4226935,0.51112654423984,0.017346359317642984
1780794862.4215553,1780794862.4226935,0.51112654423984,0.017346359317642984
1780794862.4215553,1780794862.4226935,0.51112654423984,0.017346359317642984
1780794862.4215553,1780794862.4226935,0.51112654423984,0.017346359317642984
1780794862.4215553,1780794862.4226935,0.51112654423984,0.017346359317642984
1780794862.4721835,1780794862.4728603,0.5556944257302018,0.0623851732945518
1780794862.4721835,1780794862.4728603,0.5556944257302018,0.0623851732945518
1780794862.4721835,1780794862.4728603,0.5556944257302018,0.0623851732945518
1780794862.4721835,1780794862.4728603,0.5556944257302018,0.0623851732945518
1780794862.5017087,1780794862.5124643,0.5816854655606865,0.08865085092710388
1780794862.5017087,1780794862.5124643,0.5816854655606865,0.08865085092710388
1780794862.531367,1780794862.5327163,0.6077936180724596,0.11503487872777048
1780794862.531367,1780794862.5327163,0.6077936180724596,0.11503487872777048
1780794862.531367,1780794862.5327163,0.6077936180724596,0.11503487872777048
1780794862.5609744,1780794862.568422,0.6338568564018031,0.1413735177542856
1780794862.5609744,1780794862.568422,0.6338568564018031,0.1413735177542856
1780794862.5609744,1780794862.568422,0.6338568564018031,0.1413735177542856
1780794862.591635,1780794862.5924063,0.6608473417310262,0.168649201660245
1780794862.591635,1780794862.5924063,0.6608473417310262,0.168649201660245
1780794862.591635,1780794862.5924063,0.6608473417310262,0.168649201660245
1780794862.6214914,1780794862.622421,0.6871299039885893,0.1952094821306305
1780794862.6214914,1780794862.622421,0.6871299039885893,0.1952094821306305
1780794862.6214914,1780794862.622421,0.6871299039885893,0.1952094821306305
1780794862.6214914,1780794862.622421,0.6871299039885893,0.1952094821306305
1780794862.661038,1780794862.6627684,0.7219425929587154,0.23039002403950673
1780794862.661038,1780794862.6627684,0.7219425929587154,0.23039002403950673
1780794862.661038,1780794862.6627684,0.7219425929587154,0.23039002403950673
1780794862.6913822,1780794862.6924138,0.7486545683810032,0.2573842551263121
1780794862.6913822,1780794862.6924138,0.7486545683810032,0.2573842551263121
1780794862.6913822,1780794862.6924138,0.7486545683810032,0.2573842551263121
1780794862.7208977,1780794862.7224116,0.7746370031578448,0.28364123677876973
1780794862.7208977,1780794862.7224116,0.7746370031578448,0.28364123677876973
1780794862.7208977,1780794862.7224116,0.7746370031578448,0.28364123677876973
1780794862.7512503,1780794862.7524047,0.8013563243576327,0.31064289126321665
1780794862.7512503,1780794862.7524047,0.8013563243576327,0.31064289126321665
1780794862.7512503,1780794862.7524047,0.8013563243576327,0.31064289126321665
1780794862.7512503,1780794862.7524047,0.8013563243576327,0.31064289126321665
1780794862.7512503,1780794862.7524047,0.8013563243576327,0.31064289126321665
1780794862.8008623,1780794862.8024046,0.84502970002783,0.3547777475044552
1780794862.8008623,1780794862.8024046,0.84502970002783,0.3547777475044552
1780794862.8008623,1780794862.8024046,0.84502970002783,0.3547777475044552
1780794862.831128,1780794862.8324142,0.8716724152622589,0.3817019865563541
1780794862.831128,1780794862.8324142,0.8716724152622589,0.3817019865563541
1780794862.831128,1780794862.8324142,0.8716724152622589,0.3817019865563541
1780794862.8608873,1780794862.8624065,0.8978695566214628,0.4081759435170217
1780794862.8608873,1780794862.8624065,0.8978695566214628,0.4081759435170217
1780794862.8608873,1780794862.8624065,0.8978695566214628,0.4081759435170217
1780794862.8913996,1780794862.8923976,0.9247294969905399,0.4353197030420362
1780794862.8913996,1780794862.8923976,0.9247294969905399,0.4353197030420362
1780794862.8913996,1780794862.8923976,0.9247294969905399,0.4353197030420362
1780794862.9213634,1780794862.92242,0.9511065049588195,0.461975427196385
1780794862.9213634,1780794862.92242,0.9511065049588195,0.461975427196385
1780794862.9213634,1780794862.92242,0.9511065049588195,0.461975427196385
1780794862.950844,1780794862.952401,0.9770582973495175,0.4882014426758235
1780794862.950844,1780794862.952401,0.9770582973495175,0.4882014426758235
1780794862.950844,1780794862.952401,0.9770582973495175,0.4882014426758235
1780794862.950844,1780794862.952401,0.9770582973495175,0.4882014426758235
1780794862.9912024,1780794862.9990706,0.026511257924034422,0.5241041751266887
1780794862.9912024,1780794862.9990706,0.026511257924034422,0.5241041751266887
1780794862.9912024,1780794862.9990706,0.026511257924034422,0.5241041751266887
1780794863.0209432,1780794863.0223901,0.05306402383537634,0.5505615885154693
1780794863.0209432,1780794863.0223901,0.05306402383537634,0.5505615885154693
1780794863.0209432,1780794863.0223901,0.05306402383537634,0.5505615885154693
1780794863.050565,1780794863.0524094,0.07951057187150574,0.5769131654635884
1780794863.050565,1780794863.0524094,0.07951057187150574,0.5769131654635884
1780794863.050565,1780794863.0524094,0.07951057187150574,0.5769131654635884
1780794863.0812988,1780794863.0824497,0.10694990581944111,0.6042539631717183
1780794863.0812988,1780794863.0824497,0.10694990581944111,0.6042539631717183
1780794863.0812988,1780794863.0824497,0.10694990581944111,0.6042539631717183
1780794863.1116478,1780794863.1187477,0.13404568134935443,0.6312524362000331
1780794863.1116478,1780794863.1187477,0.13404568134935443,0.6312524362000331
1780794863.1116478,1780794863.1187477,0.13404568134935443,0.6312524362000331
1780794863.1116478,1780794863.1187477,0.13404568134935443,0.6312524362000331
1780794863.1507494,1780794863.1523974,0.16895581442821897,0.6660372049660749
1780794863.1507494,1780794863.1523974,0.16895581442821897,0.6660372049660749
1780794863.1507494,1780794863.1523974,0.16895581442821897,0.6660372049660749
1780794863.1812644,1780794863.182393,0.19619974154359904,0.6931832975589196
1780794863.1812644,1780794863.182393,0.19619974154359904,0.6931832975589196
1780794863.1812644,1780794863.182393,0.19619974154359904,0.6931832975589196
1780794863.2117777,1780794863.2128732,0.2234421786286655,0.720327905472236
1780794863.2117777,1780794863.2128732,0.2234421786286655,0.720327905472236
1780794863.2117777,1780794863.2128732,0.2234421786286655,0.720327905472236
1780794863.2415164,1780794863.243038,0.24999302878674706,0.7467834099873374
1780794863.2415164,1780794863.243038,0.24999302878674706,0.7467834099873374
1780794863.2415164,1780794863.243038,0.24999302878674706,0.7467834099873374
1780794863.2721004,1780794863.2786283,0.27729868572940497,0.7739910107320696
1780794863.2721004,1780794863.2786283,0.27729868572940497,0.7739910107320696
1780794863.2721004,1780794863.2786283,0.27729868572940497,0.7739910107320696
1780794863.3016284,1780794863.3084981,0.3036613663450259,0.8002590214324519
1780794863.3016284,1780794863.3084981,0.3036613663450259,0.8002590214324519
1780794863.3016284,1780794863.3084981,0.3036613663450259,0.8002590214324519
1780794863.33209,1780794863.33234,0.33085761249037066,0.8273576042803904
1780794863.33209,1780794863.33234,0.33085761249037066,0.8273576042803904
1780794863.33209,1780794863.33234,0.33085761249037066,0.8273576042803904
1780794863.3612776,1780794863.3682823,0.3569165397834901,0.8533229524540713
1780794863.3612776,1780794863.3682823,0.3569165397834901,0.8533229524540713
1780794863.3612776,1780794863.3682823,0.3569165397834901,0.8533229524540713
1780794863.3612776,1780794863.3682823,0.3569165397834901,0.8533229524540713
1780794863.4017212,1780794863.4023087,0.3930248700959643,0.8893016156579563
1780794863.4017212,1780794863.4023087,0.3930248700959643,0.8893016156579563
1780794863.4017212,1780794863.4023087,0.3930248700959643,0.8893016156579563
1780794863.4312851,1780794863.4323056,0.4194196927940644,0.9156016530167351
1780794863.4312851,1780794863.4323056,0.4194196927940644,0.9156016530167351
1780794863.4312851,1780794863.4323056,0.4194196927940644,0.9156016530167351
1780794863.4607997,1780794863.4629083,0.4457704531671765,0.9418577862808909
1780794863.4607997,1780794863.4629083,0.4457704531671765,0.9418577862808909
1780794863.4607997,1780794863.4629083,0.4457704531671765,0.9418577862808909
1780794863.4917166,1780794863.4923193,0.4733732647266614,0.9693614745429848
1780794863.4917166,1780794863.4923193,0.4733732647266614,0.9693614745429848
1780794863.4917166,1780794863.4923193,0.4733732647266614,0.9693614745429848
1780794863.5216916,1780794863.5226285,0.5001350606048544,0.9960271672598809
1780794863.5216916,1780794863.5226285,0.5001350606048544,0.9960271672598809
1780794863.5216916,1780794863.5226285,0.5001350606048544,0.9960271672598809
1780794863.5524101,1780794863.5527644,0.527560771418494,0.009752159165112536
1780794863.5524101,1780794863.5527644,0.527560771418494,0.009752159165112536
1780794863.5524101,1780794863.5527644,0.527560771418494,0.009752159165112536
1780794863.5524101,1780794863.5527644,0.527560771418494,0.009752159165112536
1780794863.590591,1780794863.5923152,0.5616488334871967,0.04360053630851512
1780794863.590591,1780794863.5923152,0.5616488334871967,0.04360053630851512
1780794863.590591,1780794863.5923152,0.5616488334871967,0.04360053630851512
1780794863.6209598,1780794863.6223106,0.5887622765193998,0.07052333536821244
1780794863.6209598,1780794863.6223106,0.5887622765193998,0.07052333536821244
1780794863.6209598,1780794863.6223106,0.5887622765193998,0.07052333536821244
1780794863.6511803,1780794863.6523085,0.6157433197151658,0.09731466554040243
1780794863.6511803,1780794863.6523085,0.6157433197151658,0.09731466554040243
1780794863.6511803,1780794863.6523085,0.6157433197151658,0.09731466554040243
1780794863.6809623,1780794863.6823444,0.6423329106614011,0.12371729589888511
1780794863.6809623,1780794863.6823444,0.6423329106614011,0.12371729589888511
1780794863.6809623,1780794863.6823444,0.6423329106614011,0.12371729589888511
1780794863.7114143,1780794863.7185109,0.669520642347811,0.15071386126363073
1780794863.7114143,1780794863.7185109,0.669520642347811,0.15071386126363073
1780794863.7114143,1780794863.7185109,0.669520642347811,0.15071386126363073
1780794863.7414267,1780794863.7423081,0.6963158574773234,0.1773206699908145
1780794863.7414267,1780794863.7423081,0.6963158574773234,0.1773206699908145
1780794863.7414267,1780794863.7423081,0.6963158574773234,0.1773206699908145
1780794863.771221,1780794863.772307,0.7229163043587006,0.2037340799526137
1780794863.771221,1780794863.772307,0.7229163043587006,0.2037340799526137
1780794863.771221,1780794863.772307,0.7229163043587006,0.2037340799526137
1780794863.771221,1780794863.772307,0.7229163043587006,0.2037340799526137
1780794863.8112586,1780794863.8200107,0.7586621315820227,0.23922856593187958
1780794863.8112586,1780794863.8200107,0.7586621315820227,0.23922856593187958
1780794863.8112586,1780794863.8200107,0.7586621315820227,0.23922856593187958
1780794863.8408017,1780794863.842326,0.7850384353319394,0.26541940878990833
1780794863.8408017,1780794863.842326,0.7850384353319394,0.26541940878990833
1780794863.8408017,1780794863.842326,0.7850384353319394,0.26541940878990833
1780794863.8722043,1780794863.8781097,0.8130748457126825,0.2932586854962804
1780794863.8722043,1780794863.8781097,0.8130748457126825,0.2932586854962804
1780794863.8722043,1780794863.8781097,0.8130748457126825,0.2932586854962804
1780794863.9010124,1780794863.9023335,0.8387948975401941,0.3187978907655873
1780794863.9010124,1780794863.9023335,0.8387948975401941,0.3187978907655873
1780794863.9010124,1780794863.9023335,0.8387948975401941,0.3187978907655873
1780794863.9313378,1780794863.9323053,0.8658695997842436,0.3456822214369786
1780794863.9313378,1780794863.9323053,0.8658695997842436,0.3456822214369786
1780794863.9313378,1780794863.9323053,0.8658695997842436,0.3456822214369786
1780794863.961242,1780794863.9628072,0.8925681758048452,0.37219307055816825
1780794863.961242,1780794863.9628072,0.8925681758048452,0.37219307055816825
1780794863.961242,1780794863.9628072,0.8925681758048452,0.37219307055816825
1780794863.992988,1780794863.9923024,0.9209113195687171,0.40033692389942466
1780794863.992988,1780794863.9923024,0.9209113195687171,0.40033692389942466
1780794863.992988,1780794863.9923024,0.9209113195687171,0.40033692389942466
1780794863.992988,1780794863.9923024,0.9209113195687171,0.40033692389942466
1780794864.03046,1780794864.0323026,0.9543663316156122,0.4335567022141347
1780794864.03046,1780794864.0323026,0.9543663316156122,0.4335567022141347
1780794864.03046,1780794864.0323026,0.9543663316156122,0.4335567022141347
1780794864.0609744,1780794864.0626223,0.9816098330080455,0.4606086451488593
1780794864.0609744,1780794864.0626223,0.9816098330080455,0.4606086451488593
1780794864.0609744,1780794864.0626223,0.9816098330080455,0.4606086451488593
1780794864.0922928,1780794864.0923038,1.0095711032886885,0.48837331009109947
1780794864.0922928,1780794864.0923038,1.0095711032886885,0.48837331009109947
1780794864.0922928,1780794864.0923038,1.0095711032886885,0.48837331009109947
1780794864.1218083,1780794864.1223178,0.018185981719410594,0.5145396346357024
1780794864.1218083,1780794864.1223178,0.018185981719410594,0.5145396346357024
1780794864.1218083,1780794864.1223178,0.018185981719410594,0.5145396346357024
1780794864.1514962,1780794864.1586866,0.04450534996326238,0.5408587759096748
1780794864.1514962,1780794864.1586866,0.04450534996326238,0.5408587759096748
1780794864.1514962,1780794864.1586866,0.04450534996326238,0.5408587759096748
1780794864.181138,1780794864.1885955,0.07078392445453575,0.5671371237828612
1780794864.181138,1780794864.1885955,0.07078392445453575,0.5671371237828612
1780794864.181138,1780794864.1885955,0.07078392445453575,0.5671371237828612
1780794864.2117934,1780794864.218491,0.09796101833550246,0.5943139832971949
1780794864.2117934,1780794864.218491,0.09796101833550246,0.5943139832971949
1780794864.2117934,1780794864.218491,0.09796101833550246,0.5943139832971949
1780794864.2418654,1780794864.2423067,0.12462089816175742,0.6209736332171066
1780794864.2418654,1780794864.2423067,0.12462089816175742,0.6209736332171066
1780794864.2418654,1780794864.2423067,0.12462089816175742,0.6209736332171066
1780794864.2418654,1780794864.2423067,0.12462089816175742,0.6209736332171066
1780794864.2812464,1780794864.2823164,0.15953358663787742,0.6558860206172806
1780794864.2812464,1780794864.2823164,0.15953358663787742,0.6558860206172806
1780794864.2812464,1780794864.2823164,0.15953358663787742,0.6558860206172806
1780794864.3107924,1780794864.3124733,0.18572719175849525,0.6820793998525604
1780794864.3107924,1780794864.3124733,0.18572719175849525,0.6820793998525604
1780794864.3107924,1780794864.3124733,0.18572719175849525,0.6820793998525604
1780794864.3412173,1780794864.3426313,0.21269989414338258,0.709051869633422
1780794864.3412173,1780794864.3426313,0.21269989414338258,0.709051869633422
1780794864.3412173,1780794864.3426313,0.21269989414338258,0.709051869633422
1780794864.3720033,1780794864.3723693,0.2399928169176807,0.7363445570422155
1780794864.3720033,1780794864.3723693,0.2399928169176807,0.7363445570422155
1780794864.3720033,1780794864.3723693,0.2399928169176807,0.7363445570422155
1780794864.4016163,1780794864.4023032,0.26624581605111997,0.7625973297781214
1780794864.4016163,1780794864.4023032,0.26624581605111997,0.7625973297781214
1780794864.4016163,1780794864.4023032,0.26624581605111997,0.7625973297781214
1780794864.4319959,1780794864.4323044,0.2931783587832099,0.7895296402525098
1780794864.4319959,1780794864.4323044,0.2931783587832099,0.7895296402525098
1780794864.4319959,1780794864.4323044,0.2931783587832099,0.7895296402525098
1780794864.4613163,1780794864.4629343,0.3191720111062154,0.8155230684145067
1780794864.4613163,1780794864.4629343,0.3191720111062154,0.8155230684145067
1780794864.4613163,1780794864.4629343,0.3191720111062154,0.8155230684145067
1780794864.4613163,1780794864.4629343,0.3191720111062154,0.8155230684145067
1780794864.5008438,1780794864.5023746,0.3542144786708491,0.8505652337840207
1780794864.5008438,1780794864.5023746,0.3542144786708491,0.8505652337840207
1780794864.5008438,1780794864.5023746,0.3542144786708491,0.8505652337840207
1780794864.530748,1780794864.532305,0.38072555641516004,0.8770760829052104
1780794864.530748,1780794864.532305,0.38072555641516004,0.8770760829052104
1780794864.530748,1780794864.532305,0.38072555641516004,0.8770760829052104
1780794864.5605614,1780794864.5623057,0.40715631485387616,0.9035066134134535
1780794864.5605614,1780794864.5623057,0.40715631485387616,0.9035066134134535
1780794864.5605614,1780794864.5623057,0.40715631485387616,0.9035066134134535
1780794864.5912313,1780794864.5923014,0.43434630209705677,0.9306963661788128
1780794864.5912313,1780794864.5923014,0.43434630209705677,0.9306963661788128
1780794864.5912313,1780794864.5923014,0.43434630209705677,0.9306963661788128
1780794864.5912313,1780794864.5923014,0.43434630209705677,0.9306963661788128
1780794864.5912313,1780794864.5923014,0.43434630209705677,0.9306963661788128
1780794864.6407473,1780794864.6423287,0.47824397310351646,0.9745936586256885
1780794864.6407473,1780794864.6423287,0.47824397310351646,0.9745936586256885
1780794864.6407473,1780794864.6423287,0.47824397310351646,0.9745936586256885
1780794864.6705394,1780794864.6727448,0.5046557085488023,1.0010051663045494
1780794864.6705394,1780794864.6727448,0.5046557085488023,1.0010051663045494
1780794864.6705394,1780794864.6727448,0.5046557085488023,1.0010051663045494
1780794864.7010539,1780794864.7023466,0.5317078847729096,0.027102634804622244
1780794864.7010539,1780794864.7023466,0.5317078847729096,0.027102634804622244
1780794864.7010539,1780794864.7023466,0.5317078847729096,0.027102634804622244
1780794864.7310576,1780794864.7326453,0.5583073137533748,0.0537516778870266
1780794864.7310576,1780794864.7326453,0.5583073137533748,0.0537516778870266
1780794864.7310576,1780794864.7326453,0.5583073137533748,0.0537516778870266
1780794864.7608414,1780794864.7623081,0.5847116513678822,0.080205265712845
1780794864.7608414,1780794864.7623081,0.5847116513678822,0.080205265712845
1780794864.7608414,1780794864.7623081,0.5847116513678822,0.080205265712845
1780794864.7608414,1780794864.7623081,0.5847116513678822,0.080205265712845
1780794864.7608414,1780794864.7623081,0.5847116513678822,0.080205265712845
1780794864.7608414,1780794864.7623081,0.5847116513678822,0.080205265712845
1780794864.7608414,1780794864.7623081,0.5847116513678822,0.080205265712845
1780794864.7608414,1780794864.7623081,0.5847116513678822,0.080205265712845
1780794864.8309028,1780794864.8491683,0.6468236272173044,0.14243309479745117
1780794864.8309028,1780794864.8491683,0.6468236272173044,0.14243309479745117
1780794864.8614156,1780794864.8683755,0.673874323875256,0.16953424727618382
1780794864.8614156,1780794864.8683755,0.673874323875256,0.16953424727618382
1780794864.8614156,1780794864.8683755,0.673874323875256,0.16953424727618382
1780794864.8912504,1780794864.892413,0.7003238939408089,0.19603315192205573
1780794864.8912504,1780794864.892413,0.7003238939408089,0.19603315192205573
1780794864.8912504,1780794864.892413,0.7003238939408089,0.19603315192205573
1780794864.921194,1780794864.922727,0.7268700585396691,0.22262883127243446
1780794864.921194,1780794864.922727,0.7268700585396691,0.22262883127243446
1780794864.921194,1780794864.922727,0.7268700585396691,0.22262883127243446
1780794864.952441,1780794864.9523993,0.7545715529395324,0.25038199538175016
1780794864.952441,1780794864.9523993,0.7545715529395324,0.25038199538175016
1780794864.952441,1780794864.9523993,0.7545715529395324,0.25038199538175016
1780794864.981378,1780794864.9827158,0.7802253277799157,0.2760836204598581
1780794864.981378,1780794864.9827158,0.7802253277799157,0.2760836204598581
1780794864.981378,1780794864.9827158,0.7802253277799157,0.2760836204598581
1780794864.981378,1780794864.9827158,0.7802253277799157,0.2760836204598581
1780794865.0209045,1780794865.0223958,0.8152669498781747,0.3111906033074841
1780794865.0209045,1780794865.0223958,0.8152669498781747,0.3111906033074841
1780794865.0209045,1780794865.0223958,0.8152669498781747,0.3111906033074841
1780794865.0505743,1780794865.0524652,0.8415702542609075,0.3375429694511269
1780794865.0505743,1780794865.0524652,0.8415702542609075,0.3375429694511269
1780794865.0505743,1780794865.0524652,0.8415702542609075,0.3375429694511269
1780794865.0820882,1780794865.0824132,0.8695084792456818,0.3655333057027787
1780794865.0820882,1780794865.0824132,0.8695084792456818,0.3655333057027787
1780794865.0820882,1780794865.0824132,0.8695084792456818,0.3655333057027787
1780794865.1107168,1780794865.1124127,0.8948887457138555,0.3909609122521519
1780794865.1107168,1780794865.1124127,0.8948887457138555,0.3909609122521519
1780794865.1107168,1780794865.1124127,0.8948887457138555,0.3909609122521519
1780794865.1412175,1780794865.1424613,0.92192866267553,0.4180512649279746
1780794865.1412175,1780794865.1424613,0.92192866267553,0.4180512649279746
1780794865.1412175,1780794865.1424613,0.92192866267553,0.4180512649279746
1780794865.1716855,1780794865.172468,0.9489396224138716,0.4451126063685294
1780794865.1716855,1780794865.172468,0.9489396224138716,0.4451126063685294
1780794865.1716855,1780794865.172468,0.9489396224138716,0.4451126063685294
1780794865.201231,1780794865.2024724,0.9751328048013022,0.4713546451138176
1780794865.201231,1780794865.2024724,0.9751328048013022,0.4713546451138176
1780794865.201231,1780794865.2024724,0.9751328048013022,0.4713546451138176
1780794865.201231,1780794865.2024724,0.9751328048013022,0.4713546451138176
1780794865.2417812,1780794865.2424166,0.009403013072521876,0.507370929014293
1780794865.2417812,1780794865.2424166,0.009403013072521876,0.507370929014293
1780794865.2417812,1780794865.2424166,0.009403013072521876,0.507370929014293
1780794865.272296,1780794865.2724047,0.03650703624998978,0.5344737755797567
1780794865.272296,1780794865.2724047,0.03650703624998978,0.5344737755797567
1780794865.272296,1780794865.2724047,0.03650703624998978,0.5344737755797567
1780794865.3010485,1780794865.302405,0.06204586710235951,0.560011497766643
1780794865.3010485,1780794865.302405,0.06204586710235951,0.560011497766643
1780794865.3010485,1780794865.302405,0.06204586710235951,0.560011497766643
1780794865.3306484,1780794865.3324008,0.08833732865739449,0.586301817983764
1780794865.3306484,1780794865.3324008,0.08833732865739449,0.586301817983764
1780794865.3306484,1780794865.3324008,0.08833732865739449,0.586301817983764
1780794865.36165,1780794865.3624039,0.11587378624534142,0.6138370801873083
1780794865.36165,1780794865.3624039,0.11587378624534142,0.6138370801873083
1780794865.36165,1780794865.3624039,0.11587378624534142,0.6138370801873083
1780794865.3916266,1780794865.392407,0.14249984445490962,0.6404619825337964
1780794865.3916266,1780794865.392407,0.14249984445490962,0.6404619825337964
1780794865.3916266,1780794865.392407,0.14249984445490962,0.6404619825337964
1780794865.4210944,1780794865.4223962,0.16867398541082348,0.6666349872447974
1780794865.4210944,1780794865.4223962,0.16867398541082348,0.6666349872447974
1780794865.4210944,1780794865.4223962,0.16867398541082348,0.6666349872447974
1780794865.4210944,1780794865.4223962,0.16867398541082348,0.6666349872447974
1780794865.4606206,1780794865.4683118,0.20378228058284364,0.701741758331582
1780794865.4606206,1780794865.4683118,0.20378228058284364,0.701741758331582
1780794865.4606206,1780794865.4683118,0.20378228058284364,0.701741758331582
1780794865.4911356,1780794865.4923909,0.23088651553034606,0.728844816657887
1780794865.4911356,1780794865.4923909,0.23088651553034606,0.728844816657887
1780794865.4911356,1780794865.4923909,0.23088651553034606,0.728844816657887
1780794865.5218914,1780794865.522471,0.25820463821270834,0.7561617534339773
1780794865.5218914,1780794865.522471,0.25820463821270834,0.7561617534339773
1780794865.5218914,1780794865.522471,0.25820463821270834,0.7561617534339773
1780794865.5218914,1780794865.522471,0.25820463821270834,0.7561617534339773
1780794865.5218914,1780794865.522471,0.25820463821270834,0.7561617534339773
1780794865.571408,1780794865.572461,0.30218673314099814,0.8001419390567545
1780794865.571408,1780794865.572461,0.30218673314099814,0.8001419390567545
1780794865.571408,1780794865.572461,0.30218673314099814,0.8001419390567545
1780794865.6009233,1780794865.602398,0.3284030163337804,0.8263570841751885
1780794865.6009233,1780794865.602398,0.3284030163337804,0.8263570841751885
1780794865.6009233,1780794865.602398,0.3284030163337804,0.8263570841751885
1780794865.6323085,1780794865.6324055,0.35628021190726145,0.8542330695724997
1780794865.6323085,1780794865.6324055,0.35628021190726145,0.8542330695724997
1780794865.6323085,1780794865.6324055,0.35628021190726145,0.8542330695724997
1780794865.6611865,1780794865.6624749,0.3819304337977859,0.8798821779619476
1780794865.6611865,1780794865.6624749,0.3819304337977859,0.8798821779619476
1780794865.6611865,1780794865.6624749,0.3819304337977859,0.8798821779619476
1780794865.691655,1780794865.692469,0.408993373588558,0.906943942924185
1780794865.691655,1780794865.692469,0.408993373588558,0.906943942924185
1780794865.691655,1780794865.692469,0.408993373588558,0.906943942924185
1780794865.721314,1780794865.7230144,0.43533735411215263,0.9332867798299661
1780794865.721314,1780794865.7230144,0.43533735411215263,0.9332867798299661
1780794865.721314,1780794865.7230144,0.43533735411215263,0.9332867798299661
1780794865.721314,1780794865.7230144,0.43533735411215263,0.9332867798299661
1780794865.7605505,1780794865.7624023,0.4701883486922374,0.9681362614944843
1780794865.7605505,1780794865.7624023,0.4701883486922374,0.9681362614944843
1780794865.7605505,1780794865.7624023,0.4701883486922374,0.9681362614944843
1780794865.791137,1780794865.792412,0.4973561146500942,0.9953028480732007
1780794865.791137,1780794865.792412,0.4973561146500942,0.9953028480732007
1780794865.791137,1780794865.792412,0.4973561146500942,0.9953028480732007
1780794865.8222287,1780794865.8224022,0.5249726213110877,1.0229181558747835
1780794865.8222287,1780794865.8224022,0.5249726213110877,1.0229181558747835
1780794865.8222287,1780794865.8224022,0.5249726213110877,1.0229181558747835
1780794865.85231,1780794865.8523996,0.5516916465658079,0.026621194226308806
1780794865.85231,1780794865.8523996,0.5516916465658079,0.026621194226308806
1780794865.85231,1780794865.8523996,0.5516916465658079,0.026621194226308806
1780794865.8811123,1780794865.882469,0.5772747373553911,0.05211061318250649
1780794865.8811123,1780794865.882469,0.5772747373553911,0.05211061318250649
1780794865.8811123,1780794865.882469,0.5772747373553911,0.05211061318250649
1780794865.9111276,1780794865.9124136,0.6039351023105508,0.07867336189244303
1780794865.9111276,1780794865.9124136,0.6039351023105508,0.07867336189244303
1780794865.9111276,1780794865.9124136,0.6039351023105508,0.07867336189244303
1780794865.9111276,1780794865.9124136,0.6039351023105508,0.07867336189244303
1780794865.9508882,1780794865.9527845,0.6392515674264989,0.11386051667355634
1780794865.9508882,1780794865.9527845,0.6392515674264989,0.11386051667355634
1780794865.9508882,1780794865.9527845,0.6392515674264989,0.11386051667355634
1780794865.9806514,1780794865.9824107,0.6656880914551765,0.14020024404484496
1780794865.9806514,1780794865.9824107,0.6656880914551765,0.14020024404484496
1780794865.9806514,1780794865.9824107,0.6656880914551765,0.14020024404484496
1780794866.010685,1780794866.0195024,0.6923647627029937,0.16677923934236516
1780794866.010685,1780794866.0195024,0.6923647627029937,0.16677923934236516
1780794866.010685,1780794866.0195024,0.6923647627029937,0.16677923934236516
1780794866.010685,1780794866.0195024,0.6923647627029937,0.16677923934236516
1780794866.010685,1780794866.0195024,0.6923647627029937,0.16677923934236516
1780794866.061351,1780794866.0686777,0.7373678009676788,0.21161750013208266
1780794866.061351,1780794866.0686777,0.7373678009676788,0.21161750013208266
1780794866.061351,1780794866.0686777,0.7373678009676788,0.21161750013208266
1780794866.0910382,1780794866.0924432,0.7637367703553463,0.2378899202119534
1780794866.0910382,1780794866.0924432,0.7637367703553463,0.2378899202119534
1780794866.0910382,1780794866.0924432,0.7637367703553463,0.2378899202119534
1780794866.1205533,1780794866.1224155,0.789952841778094,0.2640100021588972
1780794866.1205533,1780794866.1224155,0.789952841778094,0.2640100021588972
1780794866.1205533,1780794866.1224155,0.789952841778094,0.2640100021588972
1780794866.1519425,1780794866.152397,0.8178336374421619,0.2917887130018782
1780794866.1519425,1780794866.152397,0.8178336374421619,0.2917887130018782
1780794866.1519425,1780794866.152397,0.8178336374421619,0.2917887130018782
1780794866.1815395,1780794866.1824152,0.8441225577567827,0.31798137710633845
1780794866.1815395,1780794866.1824152,0.8441225577567827,0.31798137710633845
1780794866.1815395,1780794866.1824152,0.8441225577567827,0.31798137710633845
1780794866.211144,1780794866.213419,0.8704180429424734,0.34418058204476093
1780794866.211144,1780794866.213419,0.8704180429424734,0.34418058204476093
1780794866.211144,1780794866.213419,0.8704180429424734,0.34418058204476093
1780794866.211144,1780794866.213419,0.8704180429424734,0.34418058204476093
1780794866.2510602,1780794866.252389,0.9058727938909596,0.3795055163283691
1780794866.2510602,1780794866.252389,0.9058727938909596,0.3795055163283691
1780794866.2510602,1780794866.252389,0.9058727938909596,0.3795055163283691
1780794866.2813532,1780794866.2824082,0.9327798709363289,0.40631407379849943
1780794866.2813532,1780794866.2824082,0.9327798709363289,0.40631407379849943
1780794866.2813532,1780794866.2824082,0.9327798709363289,0.40631407379849943
1780794866.3105767,1780794866.3184028,0.9587369476068651,0.4321761092959008
1780794866.3105767,1780794866.3184028,0.9587369476068651,0.4321761092959008
1780794866.3105767,1780794866.3184028,0.9587369476068651,0.4321761092959008
1780794866.3413706,1780794866.3423908,0.9860889534947498,0.4594279665129557
1780794866.3413706,1780794866.3423908,0.9860889534947498,0.4594279665129557
1780794866.3413706,1780794866.3423908,0.9860889534947498,0.4594279665129557
1780794866.3719754,1780794866.372417,1.0132730257452642,0.48651250497736365
1780794866.3719754,1780794866.372417,1.0132730257452642,0.48651250497736365
1780794866.3719754,1780794866.372417,1.0132730257452642,0.48651250497736365
1780794866.4019766,1780794866.402521,0.018520790837159004,0.5130628050033076
1780794866.4019766,1780794866.402521,0.018520790837159004,0.5130628050033076
1780794866.4019766,1780794866.402521,0.018520790837159004,0.5130628050033076
1780794866.4315934,1780794866.4324117,0.04463917015957396,0.5392729816632151
1780794866.4315934,1780794866.4324117,0.04463917015957396,0.5392729816632151
1780794866.4315934,1780794866.4324117,0.04463917015957396,0.5392729816632151
1780794866.4315934,1780794866.4324117,0.04463917015957396,0.5392729816632151
1780794866.4709182,1780794866.4729495,0.07931873968380575,0.5740744382352003
1780794866.4709182,1780794866.4729495,0.07931873968380575,0.5740744382352003
1780794866.4709182,1780794866.4729495,0.07931873968380575,0.5740744382352003
1780794866.5016034,1780794866.5024486,0.10637927464486556,0.6012300818946171
1780794866.5016034,1780794866.5024486,0.10637927464486556,0.6012300818946171
1780794866.5016034,1780794866.5024486,0.10637927464486556,0.6012300818946171
1780794866.5313926,1780794866.5323973,0.13264966881368537,0.6275928076820956
1780794866.5313926,1780794866.5323973,0.13264966881368537,0.6275928076820956
1780794866.5313926,1780794866.5323973,0.13264966881368537,0.6275928076820956
1780794866.5611548,1780794866.5625715,0.15889630409226488,0.6539316910748084
1780794866.5611548,1780794866.5625715,0.15889630409226488,0.6539316910748084
1780794866.5611548,1780794866.5625715,0.15889630409226488,0.6539316910748084
1780794866.591537,1780794866.5923994,0.18568960410203755,0.6808191605417735
1780794866.591537,1780794866.5923994,0.18568960410203755,0.6808191605417735
1780794866.591537,1780794866.5923994,0.18568960410203755,0.6808191605417735
1780794866.621462,1780794866.6283445,0.2120798440003882,0.7073021532762995
1780794866.621462,1780794866.6283445,0.2120798440003882,0.7073021532762995
1780794866.621462,1780794866.6283445,0.2120798440003882,0.7073021532762995
1780794866.621462,1780794866.6283445,0.2120798440003882,0.7073021532762995
1780794866.660578,1780794866.6627572,0.24657522956134106,0.7419187785401905
1780794866.660578,1780794866.6627572,0.24657522956134106,0.7419187785401905
1780794866.660578,1780794866.6627572,0.24657522956134106,0.7419187785401905
1780794866.691217,1780794866.692451,0.2735949749232272,0.7690334892386824
1780794866.691217,1780794866.692451,0.2735949749232272,0.7690334892386824
1780794866.691217,1780794866.692451,0.2735949749232272,0.7690334892386824
1780794866.720931,1780794866.7284272,0.29979913855730633,0.7953297517133188
1780794866.720931,1780794866.7284272,0.29979913855730633,0.7953297517133188
1780794866.720931,1780794866.7284272,0.29979913855730633,0.7953297517133188
1780794866.7514462,1780794866.7524261,0.3267097612286197,0.8223349561916041
1780794866.7514462,1780794866.7524261,0.3267097612286197,0.8223349561916041
1780794866.7514462,1780794866.7524261,0.3267097612286197,0.8223349561916041
1780794866.7821474,1780794866.7823951,0.353784383319291,0.8495047364921652
1780794866.7821474,1780794866.7823951,0.353784383319291,0.8495047364921652
1780794866.7821474,1780794866.7823951,0.353784383319291,0.8495047364921652
1780794866.8111494,1780794866.8127086,0.3793605132794955,0.8751707579653433
1780794866.8111494,1780794866.8127086,0.3793605132794955,0.8751707579653433
1780794866.8111494,1780794866.8127086,0.3793605132794955,0.8751707579653433
1780794866.8416953,1780794866.842391,0.4062982589317027,0.9022031807526972
1780794866.8416953,1780794866.842391,0.4062982589317027,0.9022031807526972
1780794866.8416953,1780794866.842391,0.4062982589317027,0.9022031807526972
1780794866.8416953,1780794866.842391,0.4062982589317027,0.9022031807526972
1780794866.8807738,1780794866.8824685,0.44076063435311813,0.9367866798574892
1780794866.8807738,1780794866.8824685,0.44076063435311813,0.9367866798574892
1780794866.8807738,1780794866.8824685,0.44076063435311813,0.9367866798574892
1780794866.9112353,1780794866.9124131,0.4676239494996167,0.9637444105408873
1780794866.9112353,1780794866.9124131,0.4676239494996167,0.9637444105408873
1780794866.9112353,1780794866.9124131,0.4676239494996167,0.9637444105408873
1780794866.9407504,1780794866.942389,0.4936525496527165,0.9898644924878311
1780794866.9407504,1780794866.942389,0.4936525496527165,0.9898644924878311
1780794866.9407504,1780794866.942389,0.4936525496527165,0.9898644924878311
1780794866.9705362,1780794866.9724932,0.5199200002422145,1.0162242643502943
1780794866.9705362,1780794866.9724932,0.5199200002422145,1.0162242643502943
1780794866.9705362,1780794866.9724932,0.5199200002422145,1.0162242643502943
1780794867.001356,1780794867.0093362,0.5470991193988101,0.027181121687283052
1780794867.001356,1780794867.0093362,0.5470991193988101,0.027181121687283052
1780794867.001356,1780794867.0093362,0.5470991193988101,0.027181121687283052
1780794867.0314124,1780794867.032413,0.5736052101690404,0.053689165400133396
1780794867.0314124,1780794867.032413,0.5736052101690404,0.053689165400133396
1780794867.0314124,1780794867.032413,0.5736052101690404,0.053689165400133396
1780794867.061216,1780794867.0624592,0.5998884299334768,0.07997432168627375
1780794867.061216,1780794867.0624592,0.5998884299334768,0.07997432168627375
1780794867.061216,1780794867.0624592,0.5998884299334768,0.07997432168627375
1780794867.061216,1780794867.0624592,0.5998884299334768,0.07997432168627375
1780794867.1012309,1780794867.1023998,0.6351764793546597,0.11526497109612673
1780794867.1012309,1780794867.1023998,0.6351764793546597,0.11526497109612673
1780794867.1012309,1780794867.1023998,0.6351764793546597,0.11526497109612673
1780794867.1307795,1780794867.1382127,0.6612347255566434,0.14132513724398435
1780794867.1307795,1780794867.1382127,0.6612347255566434,0.14132513724398435
1780794867.1307795,1780794867.1382127,0.6612347255566434,0.14132513724398435
1780794867.1602867,1780794867.1624024,0.6872563872727704,0.1673487162104764
1780794867.1602867,1780794867.1624024,0.6872563872727704,0.1673487162104764
1780794867.1602867,1780794867.1624024,0.6872563872727704,0.1673487162104764
1780794867.190413,1780794867.1994164,0.713824082953093,0.1939183693724079
1780794867.190413,1780794867.1994164,0.713824082953093,0.1939183693724079
1780794867.190413,1780794867.1994164,0.713824082953093,0.1939183693724079
1780794867.190413,1780794867.1994164,0.713824082953093,0.1939183693724079
1780794867.190413,1780794867.1994164,0.713824082953093,0.1939183693724079
1780794867.2410264,1780794867.2510104,0.7584588377436842,0.2385564128077003
1780794867.2410264,1780794867.2510104,0.7584588377436842,0.2385564128077003
1780794867.2410264,1780794867.2510104,0.7584588377436842,0.2385564128077003
1780794867.2715414,1780794867.27239,0.7853692501593317,0.2654688079559877
1780794867.2715414,1780794867.27239,0.7853692501593317,0.2654688079559877
1780794867.2715414,1780794867.27239,0.7853692501593317,0.2654688079559877
1780794867.3011718,1780794867.3085148,0.8114996140546997,0.2916010971107902
1780794867.3011718,1780794867.3085148,0.8114996140546997,0.2916010971107902
1780794867.3011718,1780794867.3085148,0.8114996140546997,0.2916010971107902
1780794867.3318644,1780794867.3323936,0.8385666669414007,0.3186701442712464
1780794867.3318644,1780794867.3323936,0.8385666669414007,0.3186701442712464
1780794867.3318644,1780794867.3323936,0.8385666669414007,0.3186701442712464
1780794867.3614435,1780794867.362389,0.8646518258686123,0.34475722512723506
1780794867.3614435,1780794867.362389,0.8646518258686123,0.34475722512723506
1780794867.3614435,1780794867.362389,0.8646518258686123,0.34475722512723506
1780794867.3915594,1780794867.3924587,0.8912102702996378,0.37131762635824656
1780794867.3915594,1780794867.3924587,0.8912102702996378,0.37131762635824656
1780794867.3915594,1780794867.3924587,0.8912102702996378,0.37131762635824656
1780794867.4219055,1780794867.422405,0.9179718217038682,0.39808114952718426
1780794867.4219055,1780794867.422405,0.9179718217038682,0.39808114952718426
1780794867.4219055,1780794867.422405,0.9179718217038682,0.39808114952718426
1780794867.4219055,1780794867.422405,0.9179718217038682,0.39808114952718426
1780794867.4613638,1780794867.462399,0.9527691344009723,0.43288102605596074
1780794867.4613638,1780794867.462399,0.9527691344009723,0.43288102605596074
1780794867.4613638,1780794867.462399,0.9527691344009723,0.43288102605596074
1780794867.4910398,1780794867.4923968,0.9789396571285164,0.45905347700180243
1780794867.4910398,1780794867.4923968,0.9789396571285164,0.45905347700180243
1780794867.4910398,1780794867.4923968,0.9789396571285164,0.45905347700180243
1780794867.5206475,1780794867.5224667,1.0050500467356294,0.4851657903966639
1780794867.5206475,1780794867.5224667,1.0050500467356294,0.4851657903966639
1780794867.5206475,1780794867.5224667,1.0050500467356294,0.4851657903966639
1780794867.5511875,1780794867.5523994,0.01804967168072742,0.512100264016465
1780794867.5511875,1780794867.5523994,0.01804967168072742,0.512100264016465
1780794867.5511875,1780794867.5523994,0.01804967168072742,0.512100264016465
1780794867.5814714,1780794867.582392,0.04466250870595112,0.5388089064133544
1780794867.5814714,1780794867.582392,0.04466250870595112,0.5388089064133544
1780794867.5814714,1780794867.582392,0.04466250870595112,0.5388089064133544
1780794867.6113987,1780794867.6124034,0.07096190844421423,0.5652029831589624
1780794867.6113987,1780794867.6124034,0.07096190844421423,0.5652029831589624
1780794867.6113987,1780794867.6124034,0.07096190844421423,0.5652029831589624
1780794867.6113987,1780794867.6124034,0.07096190844421423,0.5652029831589624
1780794867.6506095,1780794867.6524076,0.10541947735338081,0.599784598226489
1780794867.6506095,1780794867.6524076,0.10541947735338081,0.599784598226489
1780794867.6506095,1780794867.6524076,0.10541947735338081,0.599784598226489
1780794867.6807168,1780794867.6831644,0.13187706235344557,0.6263374296958386
1780794867.6807168,1780794867.6831644,0.13187706235344557,0.6263374296958386
1780794867.6807168,1780794867.6831644,0.13187706235344557,0.6263374296958386
1780794867.7102356,1780794867.712399,0.15781755963678654,0.652371311949037
1780794867.7102356,1780794867.712399,0.15781755963678654,0.652371311949037
1780794867.7102356,1780794867.712399,0.15781755963678654,0.652371311949037
1780794867.7410789,1780794867.7495866,0.18492192331656207,0.6795732504808901
1780794867.7410789,1780794867.7495866,0.18492192331656207,0.6795732504808901
1780794867.7410789,1780794867.7495866,0.18492192331656207,0.6795732504808901
1780794867.7722952,1780794867.7724955,0.21235418094960856,0.7071042633738764
1780794867.7722952,1780794867.7724955,0.21235418094960856,0.7071042633738764
1780794867.7722952,1780794867.7724955,0.21235418094960856,0.7071042633738764
1780794867.8019235,1780794867.8030658,0.23839084649144882,0.7332346600882634
1780794867.8019235,1780794867.8030658,0.23839084649144882,0.7332346600882634
1780794867.8019235,1780794867.8030658,0.23839084649144882,0.7332346600882634
1780794867.8317022,1780794867.8324022,0.2645597171991127,0.7594977379028901
1780794867.8317022,1780794867.8324022,0.2645597171991127,0.7594977379028901
1780794867.8317022,1780794867.8324022,0.2645597171991127,0.7594977379028901
1780794867.8317022,1780794867.8324022,0.2645597171991127,0.7594977379028901
1780794867.8724673,1780794867.878273,0.3003831267992526,0.795450110644683
1780794867.8724673,1780794867.878273,0.3003831267992526,0.795450110644683
1780794867.8724673,1780794867.878273,0.3003831267992526,0.795450110644683
1780794867.901243,1780794867.908496,0.32567055989579136,0.8208285777006596
1780794867.901243,1780794867.908496,0.32567055989579136,0.8208285777006596
1780794867.901243,1780794867.908496,0.32567055989579136,0.8208285777006596
1780794867.9316504,1780794867.9398227,0.3523919266767942,0.8476461405570167
1780794867.9316504,1780794867.9398227,0.3523919266767942,0.8476461405570167
1780794867.9316504,1780794867.9398227,0.3523919266767942,0.8476461405570167
1780794867.9612212,1780794867.9623923,0.3783780986449997,0.8737258619225008
1780794867.9612212,1780794867.9623923,0.3783780986449997,0.8737258619225008
1780794867.9612212,1780794867.9623923,0.3783780986449997,0.8737258619225008
1780794867.9921374,1780794867.99819,0.4055465744971081,0.9009921434284797
1780794867.9921374,1780794867.99819,0.4055465744971081,0.9009921434284797
1780794867.9921374,1780794867.99819,0.4055465744971081,0.9009921434284797
1780794868.021599,1780794868.0223851,0.43143678772371746,0.9269755606039324
1780794868.021599,1780794868.0223851,0.43143678772371746,0.9269755606039324
1780794868.021599,1780794868.0223851,0.43143678772371746,0.9269755606039324
1780794868.021599,1780794868.0223851,0.43143678772371746,0.9269755606039324
1780794868.0607164,1780794868.062863,0.46581222600688904,0.9614747493778076
1780794868.0607164,1780794868.062863,0.46581222600688904,0.9614747493778076
1780794868.0607164,1780794868.062863,0.46581222600688904,0.9614747493778076
1780794868.0913405,1780794868.098327,0.49272404365276296,0.9884834487161264
1780794868.0913405,1780794868.098327,0.49272404365276296,0.9884834487161264
1780794868.0913405,1780794868.098327,0.49272404365276296,0.9884834487161264
1780794868.1219978,1780794868.1223907,0.5196649841481606,0.02694301221644526
1780794868.1219978,1780794868.1223907,0.5196649841481606,0.02694301221644526
1780794868.1219978,1780794868.1223907,0.5196649841481606,0.02694301221644526
1780794868.15172,1780794868.158911,0.545784199349802,0.053064235949596084
1780794868.15172,1780794868.158911,0.545784199349802,0.053064235949596084
1780794868.15172,1780794868.158911,0.545784199349802,0.053064235949596084
1780794868.181721,1780794868.1824095,0.5721483398111071,0.07943040377682421
1780794868.181721,1780794868.1824095,0.5721483398111071,0.07943040377682421
1780794868.181721,1780794868.1824095,0.5721483398111071,0.07943040377682421
1780794868.2112505,1780794868.2187119,0.5980982653550854,0.10538232483417138
1780794868.2112505,1780794868.2187119,0.5980982653550854,0.10538232483417138
1780794868.2112505,1780794868.2187119,0.5980982653550854,0.10538232483417138
1780794868.2420828,1780794868.2424502,0.6251929912573206,0.13247913428333927
1780794868.2420828,1780794868.2424502,0.6251929912573206,0.13247913428333927
1780794868.2420828,1780794868.2424502,0.6251929912573206,0.13247913428333927
1780794868.2420828,1780794868.2424502,0.6251929912573206,0.13247913428333927
1780794868.2814665,1780794868.2824075,0.6598024599211973,0.1670912643674693
1780794868.2814665,1780794868.2824075,0.6598024599211973,0.1670912643674693
1780794868.2814665,1780794868.2824075,0.6598024599211973,0.1670912643674693
1780794868.3105083,1780794868.3127284,0.6853237138815382,0.19261448087692754
1780794868.3105083,1780794868.3127284,0.6853237138815382,0.19261448087692754
1780794868.3105083,1780794868.3127284,0.6853237138815382,0.19261448087692754
1780794868.3420262,1780794868.3484929,0.7130210103969411,0.2203139072761094
1780794868.3420262,1780794868.3484929,0.7130210103969411,0.2203139072761094
1780794868.3420262,1780794868.3484929,0.7130210103969411,0.2203139072761094
1780794868.3707607,1780794868.3724012,0.7382721970692525,0.2455670357297373
1780794868.3707607,1780794868.3724012,0.7382721970692525,0.2455670357297373
1780794868.3707607,1780794868.3724012,0.7382721970692525,0.2455670357297373
1780794868.4011736,1780794868.4025528,0.7649983827390254,0.2722952766062089
1780794868.4011736,1780794868.4025528,0.7649983827390254,0.2722952766062089
1780794868.4011736,1780794868.4025528,0.7649983827390254,0.2722952766062089
1780794868.4311895,1780794868.4324,0.7913757227652226,0.29867464501335733
1780794868.4311895,1780794868.4324,0.7913757227652226,0.29867464501335733
1780794868.4311895,1780794868.4324,0.7913757227652226,0.29867464501335733
1780794868.4613616,1780794868.4682696,0.8178902963629165,0.32519125754507433
1780794868.4613616,1780794868.4682696,0.8178902963629165,0.32519125754507433
1780794868.4613616,1780794868.4682696,0.8178902963629165,0.32519125754507433
1780794868.4613616,1780794868.4682696,0.8178902963629165,0.32519125754507433
1780794868.501782,1780794868.5023956,0.8534107445212483,0.360714437176722
1780794868.501782,1780794868.5023956,0.8534107445212483,0.360714437176722
1780794868.501782,1780794868.5023956,0.8534107445212483,0.360714437176722
1780794868.5311527,1780794868.532401,0.8792211318077962,0.38652680924634
1780794868.5311527,1780794868.532401,0.8792211318077962,0.38652680924634
1780794868.5311527,1780794868.532401,0.8792211318077962,0.38652680924634
1780794868.560668,1780794868.5688715,0.9051584863375914,0.41246615832281064
1780794868.560668,1780794868.5688715,0.9051584863375914,0.41246615832281064
1780794868.560668,1780794868.5688715,0.9051584863375914,0.41246615832281064
1780794868.5923169,1780794868.5923984,0.9329708076327679,0.44028061834701254
1780794868.5923169,1780794868.5923984,0.9329708076327679,0.44028061834701254
1780794868.5923169,1780794868.5923984,0.9329708076327679,0.44028061834701254
1780794868.6222618,1780794868.622408,0.9592857116218566,0.46659754591580765
1780794868.6222618,1780794868.622408,0.9592857116218566,0.46659754591580765
1780794868.6222618,1780794868.622408,0.9592857116218566,0.46659754591580765
1780794868.6517994,1780794868.6585195,0.9852427607405384,0.49255659109565153
1780794868.6517994,1780794868.6585195,0.9852427607405384,0.49255659109565153
1780794868.6517994,1780794868.6585195,0.9852427607405384,0.49255659109565153
1780794868.6819706,1780794868.6824138,0.009301507169020987,0.5190723654953101
1780794868.6819706,1780794868.6824138,0.009301507169020987,0.5190723654953101
1780794868.6819706,1780794868.6824138,0.009301507169020987,0.5190723654953101
1780794868.6819706,1780794868.6824138,0.009301507169020987,0.5190723654953101
1780794868.7210577,1780794868.7289574,0.04352930816136269,0.5534238365092672
1780794868.7210577,1780794868.7289574,0.04352930816136269,0.5534238365092672
1780794868.7210577,1780794868.7289574,0.04352930816136269,0.5534238365092672
1780794868.750823,1780794868.7532015,0.06959428083411419,0.5795829857180621
1780794868.750823,1780794868.7532015,0.06959428083411419,0.5795829857180621
1780794868.750823,1780794868.7532015,0.06959428083411419,0.5795829857180621
1780794868.7813392,1780794868.7824101,0.09631669752902514,0.6064019543898592
1780794868.7813392,1780794868.7824101,0.09631669752902514,0.6064019543898592
1780794868.7813392,1780794868.7824101,0.09631669752902514,0.6064019543898592
1780794868.8108714,1780794868.8189132,0.12217748466552007,0.6323561803103671
1780794868.8108714,1780794868.8189132,0.12217748466552007,0.6323561803103671
1780794868.8108714,1780794868.8189132,0.12217748466552007,0.6323561803103671
1780794868.8412008,1780794868.8424082,0.1487364276642256,0.6590110846317256
1780794868.8412008,1780794868.8424082,0.1487364276642256,0.6590110846317256
1780794868.8412008,1780794868.8424082,0.1487364276642256,0.6590110846317256
1780794868.8712142,1780794868.8723934,0.17501853015058327,0.6853881481757135
1780794868.8712142,1780794868.8723934,0.17501853015058327,0.6853881481757135
1780794868.8712142,1780794868.8723934,0.17501853015058327,0.6853881481757135
1780794868.9018588,1780794868.902736,0.20185347854696895,0.7123200551423844
1780794868.9018588,1780794868.902736,0.20185347854696895,0.7123200551423844
1780794868.9018588,1780794868.902736,0.20185347854696895,0.7123200551423844
1780794868.9018588,1780794868.902736,0.20185347854696895,0.7123200551423844
1780794868.9412959,1780794868.942414,0.2363877666223624,0.7469791206217867
1780794868.9412959,1780794868.942414,0.2363877666223624,0.7469791206217867
1780794868.9412959,1780794868.942414,0.2363877666223624,0.7469791206217867
1780794868.9718454,1780794868.9788418,0.2631394123306434,0.773827423915629
1780794868.9718454,1780794868.9788418,0.2631394123306434,0.773827423915629
1780794868.9718454,1780794868.9788418,0.2631394123306434,0.773827423915629
1780794869.0013614,1780794869.0024643,0.28898600251778717,0.7997674015911435
1780794869.0013614,1780794869.0024643,0.28898600251778717,0.7997674015911435
1780794869.0013614,1780794869.0024643,0.28898600251778717,0.7997674015911435
1780794869.0013614,1780794869.0024643,0.28898600251778717,0.7997674015911435
1780794869.0013614,1780794869.0024643,0.28898600251778717,0.7997674015911435
1780794869.0510452,1780794869.0524,0.3324931801404554,0.8434317769723888
1780794869.0510452,1780794869.0524,0.3324931801404554,0.8434317769723888
1780794869.0510452,1780794869.0524,0.3324931801404554,0.8434317769723888
1780794869.081562,1780794869.0823953,0.35921622317136714,0.8702513742432296
1780794869.081562,1780794869.0823953,0.35921622317136714,0.8702513742432296
1780794869.081562,1780794869.0823953,0.35921622317136714,0.8702513742432296
1780794869.111176,1780794869.112465,0.38514862139061873,0.8962774699877483
1780794869.111176,1780794869.112465,0.38514862139061873,0.8962774699877483
1780794869.111176,1780794869.112465,0.38514862139061873,0.8962774699877483
1780794869.1420858,1780794869.1428504,0.41221573166462944,0.9234423776666639
1780794869.1420858,1780794869.1428504,0.41221573166462944,0.9234423776666639
1780794869.1420858,1780794869.1428504,0.41221573166462944,0.9234423776666639
1780794869.1720588,1780794869.1723945,0.4384625505562761,0.9497840301311828
1780794869.1720588,1780794869.1723945,0.4384625505562761,0.9497840301311828
1780794869.1720588,1780794869.1723945,0.4384625505562761,0.9497840301311828
1780794869.1720588,1780794869.1723945,0.4384625505562761,0.9497840301311828
1780794869.2111492,1780794869.2131057,0.4726932744499548,0.9841384346073444
1780794869.2111492,1780794869.2131057,0.4726932744499548,0.9841384346073444
1780794869.2111492,1780794869.2131057,0.4726932744499548,0.9841384346073444
1780794869.2416635,1780794869.242403,0.49941402091553033,1.0109557270150247
1780794869.2416635,1780794869.242403,0.49941402091553033,1.0109557270150247
1780794869.2416635,1780794869.242403,0.49941402091553033,1.0109557270150247
1780794869.2711778,1780794869.2724025,0.5252591496520056,0.025888595637795057
1780794869.2711778,1780794869.2724025,0.5252591496520056,0.025888595637795057
1780794869.2711778,1780794869.2724025,0.5252591496520056,0.025888595637795057
1780794869.3007877,1780794869.3023868,0.5511879986339194,0.05186105232356378
1780794869.3007877,1780794869.3023868,0.5511879986339194,0.05186105232356378
1780794869.3007877,1780794869.3023868,0.5511879986339194,0.05186105232356378
1780794869.3316262,1780794869.3323927,0.5781926840865184,0.0789111548452634
1780794869.3316262,1780794869.3323927,0.5781926840865184,0.0789111548452634
1780794869.3316262,1780794869.3323927,0.5781926840865184,0.0789111548452634
1780794869.3611696,1780794869.3623912,0.6040632838203589,0.10482526431810281
1780794869.3611696,1780794869.3623912,0.6040632838203589,0.10482526431810281
1780794869.3611696,1780794869.3623912,0.6040632838203589,0.10482526431810281
1780794869.3913372,1780794869.3928428,0.6304804661042197,0.13128687559541866
1780794869.3913372,1780794869.3928428,0.6304804661042197,0.13128687559541866
1780794869.3913372,1780794869.3928428,0.6304804661042197,0.13128687559541866
1780794869.3913372,1780794869.3928428,0.6304804661042197,0.13128687559541866
1780794869.430902,1780794869.4324112,0.6651266595450871,0.1659913377602207
1780794869.430902,1780794869.4324112,0.6651266595450871,0.1659913377602207
1780794869.430902,1780794869.4324112,0.6651266595450871,0.1659913377602207
1780794869.4604177,1780794869.4630914,0.6909730409535639,0.19188118817678845
1780794869.4604177,1780794869.4630914,0.6909730409535639,0.19188118817678845
1780794869.4604177,1780794869.4630914,0.6909730409535639,0.19188118817678845
1780794869.4911222,1780794869.4929295,0.7178603927953487,0.21881375975344766
1780794869.4911222,1780794869.4929295,0.7178603927953487,0.21881375975344766
1780794869.4911222,1780794869.4929295,0.7178603927953487,0.21881375975344766
1780794869.4911222,1780794869.4929295,0.7178603927953487,0.21881375975344766
1780794869.4911222,1780794869.4929295,0.7178603927953487,0.21881375975344766
1780794869.541412,1780794869.5424778,0.7618982857893505,0.26292571663657216
1780794869.541412,1780794869.5424778,0.7618982857893505,0.26292571663657216
1780794869.541412,1780794869.5424778,0.7618982857893505,0.26292571663657216
1780794869.5709274,1780794869.5723996,0.7877442496404935,0.288815148793549
1780794869.5709274,1780794869.5723996,0.7877442496404935,0.288815148793549
1780794869.5709274,1780794869.5723996,0.7877442496404935,0.288815148793549
1780794869.6012297,1780794869.6024108,0.8142793918711692,0.3153949184052916
1780794869.6012297,1780794869.6024108,0.8142793918711692,0.3153949184052916
1780794869.6012297,1780794869.6024108,0.8142793918711692,0.3153949184052916
1780794869.6012297,1780794869.6024108,0.8142793918711692,0.3153949184052916
1780794869.6012297,1780794869.6024108,0.8142793918711692,0.3153949184052916
1780794869.650745,1780794869.6527178,0.8576389629763186,0.35882741258301354
1780794869.650745,1780794869.6527178,0.8576389629763186,0.35882741258301354
1780794869.650745,1780794869.6527178,0.8576389629763186,0.35882741258301354
1780794869.6811962,1780794869.682446,0.8843045918738248,0.38553788831690955
1780794869.6811962,1780794869.682446,0.8843045918738248,0.38553788831690955
1780794869.6811962,1780794869.682446,0.8843045918738248,0.38553788831690955
1780794869.7108245,1780794869.7124314,0.9102495168130921,0.4115264479969276
1780794869.7108245,1780794869.7124314,0.9102495168130921,0.4115264479969276
1780794869.7108245,1780794869.7124314,0.9102495168130921,0.4115264479969276
1780794869.7414048,1780794869.742451,0.937028094969407,0.4383500629501597
1780794869.7414048,1780794869.742451,0.937028094969407,0.4383500629501597
1780794869.7414048,1780794869.742451,0.937028094969407,0.4383500629501597
1780794869.7414048,1780794869.742451,0.937028094969407,0.4383500629501597
1780794869.7414048,1780794869.742451,0.937028094969407,0.4383500629501597
1780794869.7919197,1780794869.7983463,0.9812630750249897,0.48265943836018477
1780794869.7919197,1780794869.7983463,0.9812630750249897,0.48265943836018477
1780794869.7919197,1780794869.7983463,0.9812630750249897,0.48265943836018477
1780794869.821244,1780794869.82882,0.008383558347157014,0.5083813575510098
1780794869.821244,1780794869.82882,0.008383558347157014,0.5083813575510098
1780794869.821244,1780794869.82882,0.008383558347157014,0.5083813575510098
1780794869.851758,1780794869.8524184,0.03510159701995491,0.535146834421108
1780794869.851758,1780794869.8524184,0.03510159701995491,0.535146834421108
1780794869.851758,1780794869.8524184,0.03510159701995491,0.535146834421108
1780794869.8817604,1780794869.882963,0.06137163857596705,0.5614635187501801
1780794869.8817604,1780794869.882963,0.06137163857596705,0.5614635187501801
1780794869.8817604,1780794869.882963,0.06137163857596705,0.5614635187501801
1780794869.9112055,1780794869.9123957,0.08715381001924466,0.5872914667472959
1780794869.9112055,1780794869.9123957,0.08715381001924466,0.5872914667472959
1780794869.9112055,1780794869.9123957,0.08715381001924466,0.5872914667472959
1780794869.9412136,1780794869.9424136,0.11342886179464304,0.6136131701914587
1780794869.9412136,1780794869.9424136,0.11342886179464304,0.6136131701914587
1780794869.9412136,1780794869.9424136,0.11342886179464304,0.6136131701914587
1780794869.9412136,1780794869.9424136,0.11342886179464304,0.6136131701914587
1780794869.9810092,1780794869.9885967,0.14827389383019454,0.6485200699982521
1780794869.9810092,1780794869.9885967,0.14827389383019454,0.6485200699982521
1780794869.9810092,1780794869.9885967,0.14827389383019454,0.6485200699982521
1780794870.0121896,1780794870.0123944,0.1755754143023476,0.6758700646466206
1780794870.0121896,1780794870.0123944,0.1755754143023476,0.6758700646466206
1780794870.0121896,1780794870.0123944,0.1755754143023476,0.6758700646466206
1780794870.0407321,1780794870.0424042,0.2005672236374468,0.7009062472381796
1780794870.0407321,1780794870.0424042,0.2005672236374468,0.7009062472381796
1780794870.0407321,1780794870.0424042,0.2005672236374468,0.7009062472381796
1780794870.070464,1780794870.0723827,0.2266003235683183,0.7269855692494209
1780794870.070464,1780794870.0723827,0.2266003235683183,0.7269855692494209
1780794870.070464,1780794870.0723827,0.2266003235683183,0.7269855692494209
1780794870.101979,1780794870.1024013,0.25419494187456604,0.754629182130595
1780794870.101979,1780794870.1024013,0.25419494187456604,0.754629182130595
1780794870.101979,1780794870.1024013,0.25419494187456604,0.754629182130595
1780794870.130981,1780794870.1324825,0.2795890300745516,0.7800683578379777
1780794870.130981,1780794870.1324825,0.2795890300745516,0.7800683578379777
1780794870.130981,1780794870.1324825,0.2795890300745516,0.7800683578379777
1780794870.1610816,1780794870.1690967,0.3059450803966941,0.8064712036427732
1780794870.1610816,1780794870.1690967,0.3059450803966941,0.8064712036427732
1780794870.1610816,1780794870.1690967,0.3059450803966941,0.8064712036427732
1780794870.1910954,1780794870.1924267,0.3322251423914787,0.8327979262020268
1780794870.1910954,1780794870.1924267,0.3322251423914787,0.8327979262020268
1780794870.1910954,1780794870.1924267,0.3322251423914787,0.8327979262020268
1780794870.1910954,1780794870.1924267,0.3322251423914787,0.8327979262020268
1780794870.2311013,1780794870.2325711,0.36725429998947434,0.867889278488403
1780794870.2311013,1780794870.2325711,0.36725429998947434,0.867889278488403
1780794870.2311013,1780794870.2325711,0.36725429998947434,0.867889278488403
1780794870.2605796,1780794870.2624013,0.3930654889533639,0.8937462955270858
1780794870.2605796,1780794870.2624013,0.3930654889533639,0.8937462955270858
1780794870.2605796,1780794870.2624013,0.3930654889533639,0.8937462955270858
1780794870.291308,1780794870.2923868,0.41997120209400446,0.9206997800832897
1780794870.291308,1780794870.2923868,0.41997120209400446,0.9206997800832897
1780794870.291308,1780794870.2923868,0.41997120209400446,0.9206997800832897
1780794870.291308,1780794870.2923868,0.41997120209400446,0.9206997800832897
1780794870.291308,1780794870.2923868,0.41997120209400446,0.9206997800832897
1780794870.3414183,1780794870.342418,0.4638477808506659,0.9646542622304436
1780794870.3414183,1780794870.342418,0.4638477808506659,0.9646542622304436
1780794870.3414183,1780794870.342418,0.4638477808506659,0.9646542622304436
1780794870.3719316,1780794870.378398,0.49056519324604053,0.9914191117111555
1780794870.3719316,1780794870.378398,0.49056519324604053,0.9914191117111555
1780794870.3719316,1780794870.378398,0.49056519324604053,0.9914191117111555
1780794870.4014604,1780794870.4027522,0.5164206391478418,0.01709578641368902
1780794870.4014604,1780794870.4027522,0.5164206391478418,0.01709578641368902
1780794870.4014604,1780794870.4027522,0.5164206391478418,0.01709578641368902
1780794870.4329586,1780794870.4324203,0.5440004355550719,0.04467066561170259
1780794870.4329586,1780794870.4324203,0.5440004355550719,0.04467066561170259
1780794870.4329586,1780794870.4324203,0.5440004355550719,0.04467066561170259
1780794870.4609601,1780794870.4685583,0.568518570399031,0.06918442911089721
1780794870.4609601,1780794870.4685583,0.568518570399031,0.06918442911089721
1780794870.4609601,1780794870.4685583,0.568518570399031,0.06918442911089721
1780794870.4917727,1780794870.498836,0.5954979755164774,0.0961590240630494
1780794870.4917727,1780794870.498836,0.5954979755164774,0.0961590240630494
1780794870.4917727,1780794870.498836,0.5954979755164774,0.0961590240630494
1780794870.4917727,1780794870.498836,0.5954979755164774,0.0961590240630494
1780794870.5308444,1780794870.538584,0.6297092147996703,0.1303641638153165
1780794870.5308444,1780794870.538584,0.6297092147996703,0.1303641638153165
1780794870.5308444,1780794870.538584,0.6297092147996703,0.1303641638153165
1780794870.5611382,1780794870.5629027,0.6562343600260981,0.1568845798665666
1780794870.5611382,1780794870.5629027,0.6562343600260981,0.1568845798665666
1780794870.5611382,1780794870.5629027,0.6562343600260981,0.1568845798665666
1780794870.590807,1780794870.5924122,0.6822123475437211,0.18285793576190473
1780794870.590807,1780794870.5924122,0.6822123475437211,0.18285793576190473
1780794870.590807,1780794870.5924122,0.6822123475437211,0.18285793576190473
1780794870.6216192,1780794870.6293688,0.7091915439020264,0.20983232199213553
1780794870.6216192,1780794870.6293688,0.7091915439020264,0.20983232199213553
1780794870.6216192,1780794870.6293688,0.7091915439020264,0.20983232199213553
1780794870.6516213,1780794870.6590748,0.7354613766988974,0.23609747113354956
1780794870.6516213,1780794870.6590748,0.7354613766988974,0.23609747113354956
1780794870.6516213,1780794870.6590748,0.7354613766988974,0.23609747113354956
1780794870.6811619,1780794870.6824582,0.7613270517986124,0.2619585346351904
1780794870.6811619,1780794870.6824582,0.7613270517986124,0.2619585346351904
1780794870.6811619,1780794870.6824582,0.7613270517986124,0.2619585346351904
1780794870.711152,1780794870.7124124,0.7875864466384287,0.2882132476805359
1780794870.711152,1780794870.7124124,0.7875864466384287,0.2882132476805359
1780794870.711152,1780794870.7124124,0.7875864466384287,0.2882132476805359
1780794870.711152,1780794870.7124124,0.7875864466384287,0.2882132476805359
1780794870.7517457,1780794870.7523987,0.8231301955192187,0.3237506594569106
1780794870.7517457,1780794870.7523987,0.8231301955192187,0.3237506594569106
1780794870.7517457,1780794870.7523987,0.8231301955192187,0.3237506594569106
1780794870.7822978,1780794870.7824016,0.8498816356545915,0.35049733007092626
1780794870.7822978,1780794870.7824016,0.8498816356545915,0.35049733007092626
1780794870.7822978,1780794870.7824016,0.8498816356545915,0.35049733007092626
1780794870.8110292,1780794870.8126225,0.8750387822294365,0.3756499913714358
1780794870.8110292,1780794870.8126225,0.8750387822294365,0.3756499913714358
1780794870.8110292,1780794870.8126225,0.8750387822294365,0.3756499913714358
1780794870.8412924,1780794870.8424385,0.9015372062858045,0.40214369101675046
1780794870.8412924,1780794870.8424385,0.9015372062858045,0.40214369101675046
1780794870.8412924,1780794870.8424385,0.9015372062858045,0.40214369101675046
1780794870.8412924,1780794870.8424385,0.9015372062858045,0.40214369101675046
1780794870.8412924,1780794870.8424385,0.9015372062858045,0.40214369101675046
1780794870.8918543,1780794870.9006646,0.9458091748556963,0.44640776632562346
1780794870.8918543,1780794870.9006646,0.9458091748556963,0.44640776632562346
1780794870.8918543,1780794870.9006646,0.9458091748556963,0.44640776632562346
1780794870.9212058,1780794870.9224102,0.9715093039565242,0.4721033133436175
1780794870.9212058,1780794870.9224102,0.9715093039565242,0.4721033133436175
1780794870.9212058,1780794870.9224102,0.9715093039565242,0.4721033133436175
1780794870.9517212,1780794870.9524472,0.9982285951841687,0.49881784078174213
1780794870.9517212,1780794870.9524472,0.9982285951841687,0.49881784078174213
1780794870.9517212,1780794870.9524472,0.9982285951841687,0.49881784078174213
1780794870.9812365,1780794870.9826295,0.017902427401374987,0.5246567797597177
1780794870.9812365,1780794870.9826295,0.017902427401374987,0.5246567797597177
1780794870.9812365,1780794870.9826295,0.017902427401374987,0.5246567797597177
1780794871.0107517,1780794871.0124502,0.043659585397058796,0.5504957187376933
1780794871.0107517,1780794871.0124502,0.043659585397058796,0.5504957187376933
1780794871.0107517,1780794871.0124502,0.043659585397058796,0.5504957187376933
1780794871.0415666,1780794871.0424287,0.07055088559632328,0.5774724009090592
1780794871.0415666,1780794871.0424287,0.07055088559632328,0.5774724009090592
1780794871.0415666,1780794871.0424287,0.07055088559632328,0.5774724009090592
1780794871.0718918,1780794871.0782783,0.09701482786380373,0.6040203682539301
1780794871.0718918,1780794871.0782783,0.09701482786380373,0.6040203682539301
1780794871.0718918,1780794871.0782783,0.09701482786380373,0.6040203682539301
1780794871.1022167,1780794871.102413,0.1234785620699737,0.6305681268768798
1780794871.1022167,1780794871.102413,0.1234785620699737,0.6305681268768798
1780794871.1022167,1780794871.102413,0.1234785620699737,0.6305681268768798
1780794871.1317601,1780794871.1324072,0.14926027130029748,0.6564316950415771
1780794871.1317601,1780794871.1324072,0.14926027130029748,0.6564316950415771
1780794871.1317601,1780794871.1324072,0.14926027130029748,0.6564316950415771
1780794871.1317601,1780794871.1324072,0.14926027130029748,0.6564316950415771
1780794871.171556,1780794871.1724055,0.18398903300509858,0.6912707232690462
1780794871.171556,1780794871.1724055,0.18398903300509858,0.6912707232690462
1780794871.171556,1780794871.1724055,0.18398903300509858,0.6912707232690462
1780794871.2013493,1780794871.2083223,0.20998879048883506,0.7173530320073397
1780794871.2013493,1780794871.2083223,0.20998879048883506,0.7173530320073397
1780794871.2013493,1780794871.2083223,0.20998879048883506,0.7173530320073397
1780794871.231863,1780794871.232578,0.2366173092529276,0.7440660983920148
1780794871.231863,1780794871.232578,0.2366173092529276,0.7440660983920148
1780794871.231863,1780794871.232578,0.2366173092529276,0.7440660983920148
1780794871.261354,1780794871.2624085,0.26235324499493956,0.7698837477340105
1780794871.261354,1780794871.2624085,0.26235324499493956,0.7698837477340105
1780794871.261354,1780794871.2624085,0.26235324499493956,0.7698837477340105
1780794871.2913668,1780794871.2924,0.28854462694565414,0.7961582893618863
1780794871.2913668,1780794871.2924,0.28854462694565414,0.7961582893618863
1780794871.2913668,1780794871.2924,0.28854462694565414,0.7961582893618863
1780794871.3217804,1780794871.3227081,0.3150857599593332,0.8227836925395856
1780794871.3217804,1780794871.3227081,0.3150857599593332,0.8227836925395856
1780794871.3217804,1780794871.3227081,0.3150857599593332,0.8227836925395856
1780794871.3516,1780794871.352397,0.3411084041872256,0.8488889606892299
1780794871.3516,1780794871.352397,0.3411084041872256,0.8488889606892299
1780794871.3516,1780794871.352397,0.3411084041872256,0.8488889606892299
1780794871.3516,1780794871.352397,0.3411084041872256,0.8488889606892299
1780794871.3912544,1780794871.3930597,0.37571378553489526,0.8836042168173264
1780794871.3912544,1780794871.3930597,0.37571378553489526,0.8836042168173264
1780794871.3912544,1780794871.3930597,0.37571378553489526,0.8836042168173264
1780794871.4209561,1780794871.422412,0.4016336474753966,0.9096063763378137
1780794871.4209561,1780794871.422412,0.4016336474753966,0.9096063763378137
1780794871.4209561,1780794871.422412,0.4016336474753966,0.9096063763378137
1780794871.4517412,1780794871.4524894,0.42849894001084754,0.9365569682690082
1780794871.4517412,1780794871.4524894,0.42849894001084754,0.9365569682690082
1780794871.4517412,1780794871.4524894,0.42849894001084754,0.9365569682690082
1780794871.4817421,1780794871.4826996,0.4546799188960367,0.9628210738008154
1780794871.4817421,1780794871.4826996,0.4546799188960367,0.9628210738008154
1780794871.4817421,1780794871.4826996,0.4546799188960367,0.9628210738008154
1780794871.5113142,1780794871.5123932,0.4804865954836215,0.9887096885960771
1780794871.5113142,1780794871.5123932,0.4804865954836215,0.9887096885960771
1780794871.5113142,1780794871.5123932,0.4804865954836215,0.9887096885960771
1780794871.5418735,1780794871.5492098,0.5071548539580211,0.008757731287850004
1780794871.5418735,1780794871.5492098,0.5071548539580211,0.008757731287850004
1780794871.5418735,1780794871.5492098,0.5071548539580211,0.008757731287850004
1780794871.571941,1780794871.5723946,0.5333938819488421,0.03508813247445516
1780794871.571941,1780794871.5723946,0.5333938819488421,0.03508813247445516
1780794871.571941,1780794871.5723946,0.5333938819488421,0.03508813247445516
1780794871.571941,1780794871.5723946,0.5333938819488421,0.03508813247445516
1780794871.6111605,1780794871.6183796,0.5676197594661447,0.0694331961067452
1780794871.6111605,1780794871.6183796,0.5676197594661447,0.0694331961067452
1780794871.6111605,1780794871.6183796,0.5676197594661447,0.0694331961067452
1780794871.641189,1780794871.6427305,0.5938248734633529,0.09572956519970806
1780794871.641189,1780794871.6427305,0.5938248734633529,0.09572956519970806
1780794871.641189,1780794871.6427305,0.5938248734633529,0.09572956519970806
1780794871.67222,1780794871.672449,0.6209046772099378,0.12290367000845125
1780794871.67222,1780794871.672449,0.6209046772099378,0.12290367000845125
1780794871.67222,1780794871.672449,0.6209046772099378,0.12290367000845125
1780794871.7012188,1780794871.7024076,0.6462111744070607,0.14829829301281866
1780794871.7012188,1780794871.7024076,0.6462111744070607,0.14829829301281866
1780794871.7012188,1780794871.7024076,0.6462111744070607,0.14829829301281866
1780794871.731872,1780794871.7327616,0.6729614090378006,0.17514168103426497
1780794871.731872,1780794871.7327616,0.6729614090378006,0.17514168103426497
1780794871.731872,1780794871.7327616,0.6729614090378006,0.17514168103426497
1780794871.7614143,1780794871.7624085,0.6987420779615718,0.2010121269920728
1780794871.7614143,1780794871.7624085,0.6987420779615718,0.2010121269920728
1780794871.7614143,1780794871.7624085,0.6987420779615718,0.2010121269920728
1780794871.7916493,1780794871.7924147,0.7251273730536801,0.22748930463162598
1780794871.7916493,1780794871.7924147,0.7251273730536801,0.22748930463162598
1780794871.7916493,1780794871.7924147,0.7251273730536801,0.22748930463162598
1780794871.8220515,1780794871.8223786,0.7516585191244548,0.2541128411524261
1780794871.8220515,1780794871.8223786,0.7516585191244548,0.2541128411524261
1780794871.8220515,1780794871.8223786,0.7516585191244548,0.2541128411524261
1780794871.8220515,1780794871.8223786,0.7516585191244548,0.2541128411524261
1780794871.8612182,1780794871.8624363,0.7858382070308245,0.28841155432589044
1780794871.8612182,1780794871.8624363,0.7858382070308245,0.28841155432589044
1780794871.8612182,1780794871.8624363,0.7858382070308245,0.28841155432589044
1780794871.8907342,1780794871.8924077,0.8115959892104398,0.314259033840136
1780794871.8907342,1780794871.8924077,0.8115959892104398,0.314259033840136
1780794871.8907342,1780794871.8924077,0.8115959892104398,0.314259033840136
1780794871.921219,1780794871.928377,0.8381993325559609,0.34095501905108255
1780794871.921219,1780794871.928377,0.8381993325559609,0.34095501905108255
1780794871.921219,1780794871.928377,0.8381993325559609,0.34095501905108255
1780794871.951833,1780794871.9524038,0.8649152370704668,0.3677639574071854
1780794871.951833,1780794871.9524038,0.8649152370704668,0.3677639574071854
1780794871.951833,1780794871.9524038,0.8649152370704668,0.3677639574071854
1780794871.9817452,1780794871.9897923,0.891018817148147,0.393958439005072
1780794871.9817452,1780794871.9897923,0.891018817148147,0.393958439005072
1780794871.9817452,1780794871.9897923,0.891018817148147,0.393958439005072
1780794872.0112305,1780794872.0123956,0.9167497594187067,0.41977898514459444
1780794872.0112305,1780794872.0123956,0.9167497594187067,0.41977898514459444
1780794872.0112305,1780794872.0123956,0.9167497594187067,0.41977898514459444
1780794872.0413692,1780794872.0498114,0.9430509977413697,0.4461718133005189
1780794872.0413692,1780794872.0498114,0.9430509977413697,0.4461718133005189
1780794872.0413692,1780794872.0498114,0.9430509977413697,0.4461718133005189
1780794872.0413692,1780794872.0498114,0.9430509977413697,0.4461718133005189
1780794872.0807407,1780794872.0824635,0.9774094103134661,0.48064987351961963
1780794872.0807407,1780794872.0824635,0.9774094103134661,0.48064987351961963
1780794872.0807407,1780794872.0824635,0.9774094103134661,0.48064987351961963
1780794872.1112525,1780794872.112397,0.01708388850769757,0.5073694515316802
1780794872.1112525,1780794872.112397,0.01708388850769757,0.5073694515316802
1780794872.1112525,1780794872.112397,0.01708388850769757,0.5073694515316802
1780794872.1407666,1780794872.1484582,0.04292462410790272,0.5332152607591212
1780794872.1407666,1780794872.1484582,0.04292462410790272,0.5332152607591212
1780794872.1407666,1780794872.1484582,0.04292462410790272,0.5332152607591212
1780794872.1407666,1780794872.1484582,0.04292462410790272,0.5332152607591212
1780794872.1407666,1780794872.1484582,0.04292462410790272,0.5332152607591212
1780794872.1922004,1780794872.1924005,0.08795694511909626,0.5782564235159179
1780794872.1922004,1780794872.1924005,0.08795694511909626,0.5782564235159179
1780794872.1922004,1780794872.1924005,0.08795694511909626,0.5782564235159179
1780794872.221869,1780794872.222902,0.11393294739191034,0.6042375259745257
1780794872.221869,1780794872.222902,0.11393294739191034,0.6042375259745257
1780794872.221869,1780794872.222902,0.11393294739191034,0.6042375259745257
1780794872.2513409,1780794872.2524478,0.1397367351509862,0.6300463801064166
1780794872.2513409,1780794872.2524478,0.1397367351509862,0.6300463801064166
1780794872.2513409,1780794872.2524478,0.1397367351509862,0.6300463801064166
1780794872.2513409,1780794872.2524478,0.1397367351509862,0.6300463801064166
1780794872.2513409,1780794872.2524478,0.1397367351509862,0.6300463801064166
1780794872.3018565,1780794872.3024848,0.1839651796865362,0.6742835085526827
1780794872.3018565,1780794872.3024848,0.1839651796865362,0.6742835085526827
1780794872.3018565,1780794872.3024848,0.1839651796865362,0.6742835085526827
1780794872.3314843,1780794872.3323967,0.20990548658741182,0.7002289086308439
1780794872.3314843,1780794872.3323967,0.20990548658741182,0.7002289086308439
1780794872.3314843,1780794872.3323967,0.20990548658741182,0.7002289086308439
1780794872.3611057,1780794872.3623996,0.23584015737692873,0.7261686714910396
1780794872.3611057,1780794872.3623996,0.23584015737692873,0.7261686714910396
1780794872.3611057,1780794872.3623996,0.23584015737692873,0.7261686714910396
1780794872.3920379,1780794872.398577,0.26292250743497025,0.7532563389576484
1780794872.3920379,1780794872.398577,0.26292250743497025,0.7532563389576484
1780794872.3920379,1780794872.398577,0.26292250743497025,0.7532563389576484
1780794872.422113,1780794872.4224012,0.2892544197028433,0.7795934212914717
1780794872.422113,1780794872.4224012,0.2892544197028433,0.7795934212914717
1780794872.422113,1780794872.4224012,0.2892544197028433,0.7795934212914717
1780794872.422113,1780794872.4224012,0.2892544197028433,0.7795934212914717
1780794872.460518,1780794872.4686382,0.32287946006888163,0.813225063672377
1780794872.460518,1780794872.4686382,0.32287946006888163,0.813225063672377
1780794872.460518,1780794872.4686382,0.32287946006888163,0.813225063672377
1780794872.4913123,1780794872.4923935,0.34984115559487383,0.8401920529173585
1780794872.4913123,1780794872.4923935,0.34984115559487383,0.8401920529173585
1780794872.4913123,1780794872.4923935,0.34984115559487383,0.8401920529173585
1780794872.5218263,1780794872.5290582,0.3765573671594646,0.8669135100020742
1780794872.5218263,1780794872.5290582,0.3765573671594646,0.8669135100020742
1780794872.5218263,1780794872.5290582,0.3765573671594646,0.8669135100020742
1780794872.551349,1780794872.5523944,0.4024056175748147,0.8927668355201355
1780794872.551349,1780794872.5523944,0.4024056175748147,0.8927668355201355
1780794872.551349,1780794872.5523944,0.4024056175748147,0.8927668355201355
1780794872.5818417,1780794872.5826826,0.42910325084640827,0.9194697106641507
1780794872.5818417,1780794872.5826826,0.42910325084640827,0.9194697106641507
1780794872.5818417,1780794872.5826826,0.42910325084640827,0.9194697106641507
1780794872.611397,1780794872.6187708,0.45498009930828215,0.9453516398437397
1780794872.611397,1780794872.6187708,0.45498009930828215,0.9453516398437397
1780794872.611397,1780794872.6187708,0.45498009930828215,0.9453516398437397
1780794872.6420183,1780794872.6494505,0.4817902460621847,0.9721670505612102
1780794872.6420183,1780794872.6494505,0.4817902460621847,0.9721670505612102
1780794872.6420183,1780794872.6494505,0.4817902460621847,0.9721670505612102
1780794872.6714258,1780794872.672389,0.5075376727076735,0.9979195325134481
1780794872.6714258,1780794872.672389,0.5075376727076735,0.9979195325134481
1780794872.6714258,1780794872.672389,0.5075376727076735,0.9979195325134481
1780794872.6714258,1780794872.672389,0.5075376727076735,0.9979195325134481
1780794872.7107735,1780794872.712397,0.5419880902704645,1.0323767141474922
1780794872.7107735,1780794872.712397,0.5419880902704645,1.0323767141474922
1780794872.7107735,1780794872.712397,0.5419880902704645,1.0323767141474922
1780794872.7412877,1780794872.7424028,0.5687045105799203,1.0590983800180584
1780794872.7412877,1780794872.7424028,0.5687045105799203,1.0590983800180584
1780794872.7412877,1780794872.7424028,0.5687045105799203,1.0590983800180584
1780794872.7718027,1780794872.7730517,0.5954215571239717,1.0858206722461763
1780794872.7718027,1780794872.7730517,0.5954215571239717,1.0858206722461763
1780794872.7718027,1780794872.7730517,0.5954215571239717,1.0858206722461763
1780794872.8014228,1780794872.8024,0.6213551841891629,1.1117593911771193
1780794872.8014228,1780794872.8024,0.6213551841891629,1.1117593911771193
1780794872.8014228,1780794872.8024,0.6213551841891629,1.1117593911771193
1780794872.8314252,1780794872.8323915,0.6476234292731692,1.1380327938265198
1780794872.8314252,1780794872.8323915,0.6476234292731692,1.1380327938265198
1780794872.8314252,1780794872.8323915,0.6476234292731692,1.1380327938265198
1780794872.8609579,1780794872.8624086,0.673480446972855,1.163894888350305
1780794872.8609579,1780794872.8624086,0.673480446972855,1.163894888350305
1780794872.8609579,1780794872.8624086,0.673480446972855,1.163894888350305
1780794872.8609579,1780794872.8624086,0.673480446972855,1.163894888350305
1780794872.9007382,1780794872.902431,0.7083097364658701,1.1987310163031268
1780794872.9007382,1780794872.902431,0.7083097364658701,1.1987310163031268
1780794872.9007382,1780794872.902431,0.7083097364658701,1.1987310163031268
1780794872.9308865,1780794872.9323921,0.7347057334073404,1.2251321958930739
1780794872.9308865,1780794872.9323921,0.7347057334073404,1.2251321958930739
1780794872.9308865,1780794872.9323921,0.7347057334073404,1.2251321958930739
1780794872.9602764,1780794872.962409,0.760437712932809,1.2508692276923699
1780794872.9602764,1780794872.962409,0.760437712932809,1.2508692276923699
1780794872.9602764,1780794872.962409,0.760437712932809,1.2508692276923699
1780794872.9908092,1780794872.9983125,0.7871704153417456,1.2776071788592802
1780794872.9908092,1780794872.9983125,0.7871704153417456,1.2776071788592802
1780794872.9908092,1780794872.9983125,0.7871704153417456,1.2776071788592802
1780794872.9908092,1780794872.9983125,0.7871704153417456,1.2776071788592802
1780794872.9908092,1780794872.9983125,0.7871704153417456,1.2776071788592802
1780794873.0409749,1780794873.0423985,0.8310924224152741,1.3215378096769153
1780794873.0409749,1780794873.0423985,0.8310924224152741,1.3215378096769153
1780794873.0613105,1780794873.0716627,0.8488971069422906,1.339345990015109
1780794873.0613105,1780794873.0716627,0.8488971069422906,1.339345990015109
1780794873.0613105,1780794873.0716627,0.8488971069422906,1.339345990015109
1780794873.0613105,1780794873.0716627,0.8488971069422906,1.339345990015109
1780794873.100813,1780794873.1023908,0.8834829999225556,1.3739386736661707
1780794873.100813,1780794873.1023908,0.8834829999225556,1.3739386736661707
1780794873.100813,1780794873.1023908,0.8834829999225556,1.3739386736661707
1780794873.1311686,1780794873.1386683,0.9100606048966953,1.4005214969461104
1780794873.1311686,1780794873.1386683,0.9100606048966953,1.4005214969461104
1780794873.1311686,1780794873.1386683,0.9100606048966953,1.4005214969461104
1780794873.1611712,1780794873.16239,0.9363290587255667,1.4267951083813615
1780794873.1611712,1780794873.16239,0.9363290587255667,1.4267951083813615
1780794873.1611712,1780794873.16239,0.9363290587255667,1.4267951083813615
1780794873.1917083,1780794873.1923976,0.9630655185420758,1.4535368176935821
1780794873.1917083,1780794873.1923976,0.9630655185420758,1.4535368176935821
1780794873.1917083,1780794873.1923976,0.9630655185420758,1.4535368176935821
1780794873.1917083,1780794873.1923976,0.9630655185420758,1.4535368176935821
1780794873.2310727,1780794873.2327304,0.018117371655080098,1.4880086143371658
1780794873.2310727,1780794873.2327304,0.018117371655080098,1.4880086143371658
1780794873.2310727,1780794873.2327304,0.018117371655080098,1.4880086143371658
1780794873.26086,1780794873.2624104,0.04433930884919912,1.5140936921493557
1780794873.26086,1780794873.2624104,0.04433930884919912,1.5140936921493557
1780794873.26086,1780794873.2624104,0.04433930884919912,1.5140936921493557
1780794873.292382,1780794873.2924044,0.07208834221998647,1.5416978958102652
1780794873.292382,1780794873.2924044,0.07208834221998647,1.5416978958102652
1780794873.292382,1780794873.2924044,0.07208834221998647,1.5416978958102652
1780794873.292382,1780794873.2924044,0.07208834221998647,1.5416978958102652
1780794873.292382,1780794873.2924044,0.07208834221998647,1.5416978958102652
1780794873.3410578,1780794873.3424056,0.11493791375995088,1.584323823847712
1780794873.3410578,1780794873.3424056,0.11493791375995088,1.584323823847712
1780794873.3410578,1780794873.3424056,0.11493791375995088,1.584323823847712
1780794873.3720977,1780794873.3724167,0.1422625671871946,1.6115058625187768
1780794873.3720977,1780794873.3724167,0.1422625671871946,1.6115058625187768
1780794873.3720977,1780794873.3724167,0.1422625671871946,1.6115058625187768
1780794873.400465,1780794873.4024646,0.16723445149123164,1.6363474118049943
1780794873.400465,1780794873.4024646,0.16723445149123164,1.6363474118049943
1780794873.400465,1780794873.4024646,0.16723445149123164,1.6363474118049943
1780794873.4311125,1780794873.432402,0.19421364033535332,1.663185788966027
1780794873.4311125,1780794873.432402,0.19421364033535332,1.663185788966027
1780794873.4311125,1780794873.432402,0.19421364033535332,1.663185788966027
1780794873.4609838,1780794873.4686263,0.2205094557392287,1.6893443593976163
1780794873.4609838,1780794873.4686263,0.2205094557392287,1.6893443593976163
1780794873.4609838,1780794873.4686263,0.2205094557392287,1.6893443593976163
1780794873.4913955,1780794873.492407,0.24728107199968835,1.715976247352439
1780794873.4913955,1780794873.492407,0.24728107199968835,1.715976247352439
1780794873.4913955,1780794873.492407,0.24728107199968835,1.715976247352439
1780794873.4913955,1780794873.492407,0.24728107199968835,1.715976247352439
1780794873.5310917,1780794873.5324008,0.28222588497700035,1.7507386739000108
1780794873.5310917,1780794873.5324008,0.28222588497700035,1.7507386739000108
1780794873.5310917,1780794873.5324008,0.28222588497700035,1.7507386739000108
1780794873.5607364,1780794873.5628417,0.30832231316704467,1.776698897773562
1780794873.5607364,1780794873.5628417,0.30832231316704467,1.776698897773562
1780794873.5607364,1780794873.5628417,0.30832231316704467,1.776698897773562
1780794873.5911703,1780794873.592395,0.33511344838633195,1.8033502028124875
1780794873.5911703,1780794873.592395,0.33511344838633195,1.8033502028124875
1780794873.5911703,1780794873.592395,0.33511344838633195,1.8033502028124875
1780794873.621777,1780794873.628227,0.36205674753196404,1.8301528775930733
1780794873.621777,1780794873.628227,0.36205674753196404,1.8301528775930733
1780794873.621777,1780794873.628227,0.36205674753196404,1.8301528775930733
1780794873.6511965,1780794873.6527078,0.38795483791456586,1.8559157988378396
1780794873.6511965,1780794873.6527078,0.38795483791456586,1.8559157988378396
1780794873.6511965,1780794873.6527078,0.38795483791456586,1.8559157988378396
1780794873.6808565,1780794873.6888812,0.41406469850638405,1.8818893850058271
1780794873.6808565,1780794873.6888812,0.41406469850638405,1.8818893850058271
1780794873.6808565,1780794873.6888812,0.41406469850638405,1.8818893850058271
1780794873.7112403,1780794873.7130191,0.44081175865735084,1.9084968450161337
1780794873.7112403,1780794873.7130191,0.44081175865735084,1.9084968450161337
1780794873.7112403,1780794873.7130191,0.44081175865735084,1.9084968450161337
1780794873.7418108,1780794873.742403,0.46772315584876994,1.9352677843474335
1780794873.7418108,1780794873.742403,0.46772315584876994,1.9352677843474335
1780794873.7418108,1780794873.742403,0.46772315584876994,1.9352677843474335
1780794873.7723799,1780794873.7724206,0.49463329375252274,1.96203747096363
1780794873.7723799,1780794873.7724206,0.49463329375252274,1.96203747096363
1780794873.7723799,1780794873.7724206,0.49463329375252274,1.96203747096363
1780794873.8015952,1780794873.8083572,0.5203517257613989,0.02147604192225455
1780794873.8015952,1780794873.8083572,0.5203517257613989,0.02147604192225455
1780794873.8015952,1780794873.8083572,0.5203517257613989,0.02147604192225455
1780794873.8417861,1780794873.8393168,0.5557320423899734,0.05102018998212345
1780794873.8417861,1780794873.8393168,0.5557320423899734,0.05102018998212345
1780794873.8417861,1780794873.8393168,0.5557320423899734,0.05102018998212345
1780794873.8417861,1780794873.8393168,0.5557320423899734,0.05102018998212345
1780794873.871186,1780794873.8781817,0.5816129225078025,0.07263188334676995
1780794873.871186,1780794873.8781817,0.5816129225078025,0.07263188334676995
1780794873.871186,1780794873.8781817,0.5816129225078025,0.07263188334676995
1780794873.9012372,1780794873.902708,0.6080671982763541,0.09472238774580252
1780794873.9012372,1780794873.902708,0.6080671982763541,0.09472238774580252
1780794873.9012372,1780794873.902708,0.6080671982763541,0.09472238774580252
1780794873.9318836,1780794873.9388306,0.6350453377140872,0.1172503417575099
1780794873.9318836,1780794873.9388306,0.6350453377140872,0.1172503417575099
1780794873.9318836,1780794873.9388306,0.6350453377140872,0.1172503417575099
1780794873.9612298,1780794873.9623966,0.66087899454443,0.13882260156332155
1780794873.9612298,1780794873.9623966,0.66087899454443,0.13882260156332155
1780794873.9612298,1780794873.9623966,0.66087899454443,0.13882260156332155
1780794873.9912417,1780794873.992749,0.6872986399021583,0.16088418801920853
1780794873.9912417,1780794873.992749,0.6872986399021583,0.16088418801920853
1780794873.9912417,1780794873.992749,0.6872986399021583,0.16088418801920853
1780794873.9912417,1780794873.992749,0.6872986399021583,0.16088418801920853
1780794874.0311966,1780794874.0324035,0.7224711740657932,0.190254828420204
1780794874.0311966,1780794874.0324035,0.7224711740657932,0.190254828420204
1780794874.0311966,1780794874.0324035,0.7224711740657932,0.190254828420204
1780794874.0608275,1780794874.0684228,0.7485554291417299,0.21203634897823267
1780794874.0608275,1780794874.0684228,0.7485554291417299,0.21203634897823267
1780794874.0608275,1780794874.0684228,0.7485554291417299,0.21203634897823267
1780794874.091213,1780794874.098349,0.7753039584616407,0.23437256826387184
1780794874.091213,1780794874.098349,0.7753039584616407,0.23437256826387184
1780794874.091213,1780794874.098349,0.7753039584616407,0.23437256826387184
1780794874.1217167,1780794874.122396,0.8021565888952991,0.25679571663920925
1780794874.1217167,1780794874.122396,0.8021565888952991,0.25679571663920925
1780794874.1217167,1780794874.122396,0.8021565888952991,0.25679571663920925
1780794874.1513286,1780794874.152581,0.8282240534690184,0.2785632163763188
1780794874.1513286,1780794874.152581,0.8282240534690184,0.2785632163763188
1780794874.1513286,1780794874.152581,0.8282240534690184,0.2785632163763188
1780794874.181577,1780794874.1823955,0.854851901054242,0.30079866101160224
1780794874.181577,1780794874.1823955,0.854851901054242,0.30079866101160224
1780794874.181577,1780794874.1823955,0.854851901054242,0.30079866101160224
1780794874.2113912,1780794874.2130618,0.881097554832743,0.32271495671071543
1780794874.2113912,1780794874.2130618,0.881097554832743,0.32271495671071543
1780794874.2113912,1780794874.2130618,0.881097554832743,0.32271495671071543
1780794874.2113912,1780794874.2130618,0.881097554832743,0.32271495671071543
1780794874.2512765,1780794874.2524118,0.9162088036632845,0.3520344211153563
1780794874.2512765,1780794874.2524118,0.9162088036632845,0.3520344211153563
1780794874.2512765,1780794874.2524118,0.9162088036632845,0.3520344211153563
1780794874.28101,1780794874.2889705,0.9423833076886395,0.37389130358582495
1780794874.28101,1780794874.2889705,0.9423833076886395,0.37389130358582495
1780794874.28101,1780794874.2889705,0.9423833076886395,0.37389130358582495
1780794874.3111742,1780794874.3129034,0.968937067182829,0.39606488134880297
1780794874.3111742,1780794874.3129034,0.968937067182829,0.39606488134880297
1780794874.3111742,1780794874.3129034,0.968937067182829,0.39606488134880297
1780794874.3419368,1780794874.342394,0.009505860789057215,0.4186783623681167
1780794874.3419368,1780794874.342394,0.009505860789057215,0.4186783623681167
1780794874.3419368,1780794874.342394,0.009505860789057215,0.4186783623681167
1780794874.3419368,1780794874.342394,0.009505860789057215,0.4186783623681167
1780794874.3419368,1780794874.342394,0.009505860789057215,0.4186783623681167
1780794874.3927834,1780794874.3924186,0.054424696804280914,0.45605541729468263
1780794874.3927834,1780794874.3924186,0.054424696804280914,0.45605541729468263
1780794874.3927834,1780794874.3924186,0.054424696804280914,0.45605541729468263
1780794874.421479,1780794874.422859,0.07977492264956472,0.47714939184689265
1780794874.421479,1780794874.422859,0.07977492264956472,0.47714939184689265
1780794874.421479,1780794874.422859,0.07977492264956472,0.47714939184689265
1780794874.450614,1780794874.4524012,0.10551332764565576,0.49856637106102564
1780794874.450614,1780794874.4524012,0.10551332764565576,0.49856637106102564
1780794874.450614,1780794874.4524012,0.10551332764565576,0.49856637106102564
1780794874.4812722,1780794874.4827204,0.13259740632297712,0.5211030880858074
1780794874.4812722,1780794874.4827204,0.13259740632297712,0.5211030880858074
1780794874.4812722,1780794874.4827204,0.13259740632297712,0.5211030880858074
1780794874.5112743,1780794874.5191627,0.15910184906811098,0.5431574888709734
1780794874.5112743,1780794874.5191627,0.15910184906811098,0.5431574888709734
1780794874.5112743,1780794874.5191627,0.15910184906811098,0.5431574888709734
1780794874.5419211,1780794874.5496047,0.18617581781638254,0.5656857934032038
1780794874.5419211,1780794874.5496047,0.18617581781638254,0.5656857934032038
1780794874.5419211,1780794874.5496047,0.18617581781638254,0.5656857934032038
1780794874.572465,1780794874.5728667,0.21315879720320607,0.5881383855024712
1780794874.572465,1780794874.5728667,0.21315879720320607,0.5881383855024712
1780794874.572465,1780794874.5728667,0.21315879720320607,0.5881383855024712
1780794874.6019967,1780794874.6104493,0.23924767973968955,0.6098469977917207
1780794874.6019967,1780794874.6104493,0.23924767973968955,0.6098469977917207
1780794874.6019967,1780794874.6104493,0.23924767973968955,0.6098469977917207
1780794874.6019967,1780794874.6104493,0.23924767973968955,0.6098469977917207
1780794874.6412623,1780794874.6428854,0.27393568880357794,0.6387109607767535
1780794874.6412623,1780794874.6428854,0.27393568880357794,0.6387109607767535
1780794874.6412623,1780794874.6428854,0.27393568880357794,0.6387109607767535
1780794874.6726687,1780794874.672395,0.3016807040925288,0.6617976445020856
1780794874.6726687,1780794874.672395,0.3016807040925288,0.6617976445020856
1780794874.6726687,1780794874.672395,0.3016807040925288,0.6617976445020856
1780794874.7010844,1780794874.702462,0.3267836579231367,0.6826858635073083
1780794874.7010844,1780794874.702462,0.3267836579231367,0.6826858635073083
1780794874.7010844,1780794874.702462,0.3267836579231367,0.6826858635073083
1780794874.7314384,1780794874.7327285,0.35359898098655135,0.704998948438431
1780794874.7314384,1780794874.7327285,0.35359898098655135,0.704998948438431
1780794874.7314384,1780794874.7327285,0.35359898098655135,0.704998948438431
1780794874.7614405,1780794874.7624745,0.3801034237316852,0.727053349223597
1780794874.7614405,1780794874.7624745,0.3801034237316852,0.727053349223597
1780794874.7614405,1780794874.7624745,0.3801034237316852,0.727053349223597
1780794874.7913976,1780794874.792416,0.40656805863118556,0.7490746258193417
1780794874.7913976,1780794874.792416,0.40656805863118556,0.7490746258193417
1780794874.7913976,1780794874.792416,0.40656805863118556,0.7490746258193417
1780794874.7913976,1780794874.792416,0.40656805863118556,0.7490746258193417
1780794874.8309906,1780794874.8323936,0.44154525379060205,0.778179221143398
1780794874.8309906,1780794874.8323936,0.44154525379060205,0.778179221143398
1780794874.8309906,1780794874.8323936,0.44154525379060205,0.778179221143398
1780794874.8607457,1780794874.8693426,0.4678314905670782,0.8000520522976621
1780794874.8607457,1780794874.8693426,0.4678314905670782,0.8000520522976621
1780794874.8607457,1780794874.8693426,0.4678314905670782,0.8000520522976621
1780794874.8912654,1780794874.8985236,0.4947931969781928,0.02254239724286419
1780794874.8912654,1780794874.8985236,0.4947931969781928,0.02254239724286419
1780794874.8912654,1780794874.8985236,0.4947931969781928,0.02254239724286419
1780794874.9206638,1780794874.929779,0.5207643409659507,0.04425659573225643
1780794874.9206638,1780794874.929779,0.5207643409659507,0.04425659573225643
1780794874.9206638,1780794874.929779,0.5207643409659507,0.04425659573225643
1780794874.951164,1780794874.9524665,0.5477087762482719,0.06678455276721403
1780794874.951164,1780794874.9524665,0.5477087762482719,0.06678455276721403
1780794874.951164,1780794874.9524665,0.5477087762482719,0.06678455276721403
1780794874.980853,1780794874.9827101,0.5739366703091898,0.0887134172741445
1780794874.980853,1780794874.9827101,0.5739366703091898,0.0887134172741445
1780794874.980853,1780794874.9827101,0.5739366703091898,0.0887134172741445
1780794875.0112634,1780794875.0124788,0.6008017005237659,0.11117498457275106
1780794875.0112634,1780794875.0124788,0.6008017005237659,0.11117498457275106
1780794875.0112634,1780794875.0124788,0.6008017005237659,0.11117498457275106
1780794875.0112634,1780794875.0124788,0.6008017005237659,0.11117498457275106
1780794875.0112634,1780794875.0124788,0.6008017005237659,0.11117498457275106
1780794875.0607812,1780794875.0628648,0.6445467316516056,0.1477497418988937
1780794875.0607812,1780794875.0628648,0.6445467316516056,0.1477497418988937
1780794875.0607812,1780794875.0628648,0.6445467316516056,0.1477497418988937
1780794875.0911703,1780794875.0992267,0.6713930163727353,0.1701956362889187
1780794875.0911703,1780794875.0992267,0.6713930163727353,0.1701956362889187
1780794875.0911703,1780794875.0992267,0.6713930163727353,0.1701956362889187
1780794875.1216815,1780794875.1224017,0.6983471403370626,0.19273169392831171
1780794875.1216815,1780794875.1224017,0.6983471403370626,0.19273169392831171
1780794875.1216815,1780794875.1224017,0.6983471403370626,0.19273169392831171
1780794875.1511793,1780794875.1527283,0.7244061143334404,0.21451932615791186
1780794875.1511793,1780794875.1527283,0.7244061143334404,0.21451932615791186
1780794875.1511793,1780794875.1527283,0.7244061143334404,0.21451932615791186
1780794875.1811044,1780794875.1827185,0.7508425256810101,0.23662252976029996
1780794875.1811044,1780794875.1827185,0.7508425256810101,0.23662252976029996
1780794875.1811044,1780794875.1827185,0.7508425256810101,0.23662252976029996
1780794875.210696,1780794875.2124002,0.776984274721483,0.2584793693277939
1780794875.210696,1780794875.2124002,0.776984274721483,0.2584793693277939
1780794875.210696,1780794875.2124002,0.776984274721483,0.2584793693277939
1780794875.210696,1780794875.2124002,0.776984274721483,0.2584793693277939
1780794875.250578,1780794875.2523987,0.8122167455894066,0.28793686515695116
1780794875.250578,1780794875.2523987,0.8122167455894066,0.28793686515695116
1780794875.250578,1780794875.2523987,0.8122167455894066,0.28793686515695116
1780794875.2810347,1780794875.2824066,0.8391228473907474,0.31043277197436
1780794875.2810347,1780794875.2824066,0.8391228473907474,0.31043277197436
1780794875.2810347,1780794875.2824066,0.8391228473907474,0.31043277197436
1780794875.311456,1780794875.3127167,0.8659975662873295,0.332902439877402
1780794875.311456,1780794875.3127167,0.8659975662873295,0.332902439877402
1780794875.311456,1780794875.3127167,0.8659975662873295,0.332902439877402
1780794875.311456,1780794875.3127167,0.8659975662873295,0.332902439877402
1780794875.311456,1780794875.3127167,0.8659975662873295,0.332902439877402
1780794875.3607922,1780794875.3682156,0.9095821022915039,0.36934300893007116
1780794875.3607922,1780794875.3682156,0.9095821022915039,0.36934300893007116
1780794875.3607922,1780794875.3682156,0.9095821022915039,0.36934300893007116
1780794875.3912077,1780794875.3928494,0.9364517662235612,0.391808450430799
1780794875.3912077,1780794875.3928494,0.9364517662235612,0.391808450430799
1780794875.3912077,1780794875.3928494,0.9364517662235612,0.391808450430799
1780794875.421902,1780794875.4223921,0.009549025177245823,0.41447975294424394
1780794875.421902,1780794875.4223921,0.009549025177245823,0.41447975294424394
1780794875.421902,1780794875.4223921,0.009549025177245823,0.41447975294424394
1780794875.4505897,1780794875.452432,0.035165167649536,0.43566899704620266
1780794875.4505897,1780794875.452432,0.035165167649536,0.43566899704620266
1780794875.4505897,1780794875.452432,0.035165167649536,0.43566899704620266
1780794875.4815075,1780794875.4827335,0.06277269509324361,0.45850548145009135
1780794875.4815075,1780794875.4827335,0.06277269509324361,0.45850548145009135
1780794875.4815075,1780794875.4827335,0.06277269509324361,0.45850548145009135
1780794875.511105,1780794875.5190132,0.08920123066484198,0.4803667235199958
1780794875.511105,1780794875.5190132,0.08920123066484198,0.4803667235199958
1780794875.511105,1780794875.5190132,0.08920123066484198,0.4803667235199958
1780794875.5515935,1780794875.5423923,0.12535463960551757,0.5102722179944503
1780794875.5515935,1780794875.5423923,0.12535463960551757,0.5102722179944503
1780794875.5515935,1780794875.5423923,0.12535463960551757,0.5102722179944503
1780794875.5515935,1780794875.5423923,0.12535463960551757,0.5102722179944503
1780794875.582108,1780794875.5827656,0.15260195501462626,0.5328107410351932
1780794875.582108,1780794875.5827656,0.15260195501462626,0.5328107410351932
1780794875.582108,1780794875.5827656,0.15260195501462626,0.5328107410351932
1780794875.6109147,1780794875.6190674,0.17832433023234484,0.5540878590852664
1780794875.6109147,1780794875.6190674,0.17832433023234484,0.5540878590852664
1780794875.6109147,1780794875.6190674,0.17832433023234484,0.5540878590852664
1780794875.640519,1780794875.642389,0.20475882675959853,0.5759540319578706
1780794875.640519,1780794875.642389,0.20475882675959853,0.5759540319578706
1780794875.640519,1780794875.642389,0.20475882675959853,0.5759540319578706
1780794875.6721408,1780794875.672417,0.232995022133667,0.5993105399464931
1780794875.6721408,1780794875.672417,0.232995022133667,0.5993105399464931
1780794875.6721408,1780794875.672417,0.232995022133667,0.5993105399464931
1780794875.7016594,1780794875.7023807,0.2593530906937688,0.6211134928844819
1780794875.7016594,1780794875.7023807,0.2593530906937688,0.6211134928844819
1780794875.7016594,1780794875.7023807,0.2593530906937688,0.6211134928844819
1780794875.7314434,1780794875.732395,0.2859481072411688,0.6431124452297883
1780794875.7314434,1780794875.732395,0.2859481072411688,0.6431124452297883
1780794875.7314434,1780794875.732395,0.2859481072411688,0.6431124452297883
1780794875.761698,1780794875.7624314,0.3129633711622675,0.6654590191654314
1780794875.761698,1780794875.7624314,0.3129633711622675,0.6654590191654314
1780794875.761698,1780794875.7624314,0.3129633711622675,0.6654590191654314
1780794875.761698,1780794875.7624314,0.3129633711622675,0.6654590191654314
1780794875.8008788,1780794875.808579,0.34794907146832427,0.694398604611012
1780794875.8008788,1780794875.808579,0.34794907146832427,0.694398604611012
1780794875.8008788,1780794875.808579,0.34794907146832427,0.694398604611012
1780794875.8303592,1780794875.8398285,0.37427307742468147,0.7161733815335733
1780794875.8303592,1780794875.8398285,0.37427307742468147,0.7161733815335733
1780794875.8303592,1780794875.8398285,0.37427307742468147,0.7161733815335733
1780794875.8608727,1780794875.8628957,0.40151954126869654,0.7387112001739305
1780794875.8608727,1780794875.8628957,0.40151954126869654,0.7387112001739305
1780794875.8608727,1780794875.8628957,0.40151954126869654,0.7387112001739305
1780794875.8915763,1780794875.8923962,0.4289356794576143,0.761389370591136
1780794875.8915763,1780794875.8923962,0.4289356794576143,0.761389370591136
1780794875.8915763,1780794875.8923962,0.4289356794576143,0.761389370591136
1780794875.9214785,1780794875.9224281,0.45563629007662254,0.7834756685842676
1780794875.9214785,1780794875.9224281,0.45563629007662254,0.7834756685842676
1780794875.9214785,1780794875.9224281,0.45563629007662254,0.7834756685842676
1780794875.951093,1780794875.9524553,0.48207994092863254,0.8053494137610181
1780794875.951093,1780794875.9524553,0.48207994092863254,0.8053494137610181
1780794875.951093,1780794875.9524553,0.48207994092863254,0.8053494137610181
1780794875.9813662,1780794875.9824398,0.5091118103690567,0.827709723504182
1780794875.9813662,1780794875.9824398,0.5091118103690567,0.827709723504182
1780794875.9813662,1780794875.9824398,0.5091118103690567,0.827709723504182
1780794875.9813662,1780794875.9824398,0.5091118103690567,0.827709723504182
1780794876.0218754,1780794876.0285895,0.5452837408505185,0.030052678680144253
1780794876.0218754,1780794876.0285895,0.5452837408505185,0.030052678680144253
1780794876.0218754,1780794876.0285895,0.5452837408505185,0.030052678680144253
1780794876.0513244,1780794876.0524144,0.5715796451587865,0.051900071182051505
1780794876.0513244,1780794876.0524144,0.5715796451587865,0.051900071182051505
1780794876.0513244,1780794876.0524144,0.5715796451587865,0.051900071182051505
1780794876.080888,1780794876.082477,0.5979779501695615,0.07383254112848844
1780794876.080888,1780794876.082477,0.5979779501695615,0.07383254112848844
1780794876.080888,1780794876.082477,0.5979779501695615,0.07383254112848844
1780794876.080888,1780794876.082477,0.5979779501695615,0.07383254112848844
1780794876.080888,1780794876.082477,0.5979779501695615,0.07383254112848844
1780794876.1312537,1780794876.1323974,0.6429510187848021,0.1111974581335841
1780794876.1312537,1780794876.1323974,0.6429510187848021,0.1111974581335841
1780794876.1312537,1780794876.1323974,0.6429510187848021,0.1111974581335841
1780794876.160769,1780794876.1624124,0.6693061068670763,0.13309402221465821
1780794876.160769,1780794876.1624124,0.6693061068670763,0.13309402221465821
1780794876.160769,1780794876.1624124,0.6693061068670763,0.13309402221465821
1780794876.191226,1780794876.1927547,0.6965021154792946,0.15568924722274322
1780794876.191226,1780794876.1927547,0.6965021154792946,0.15568924722274322
1780794876.191226,1780794876.1927547,0.6965021154792946,0.15568924722274322
1780794876.191226,1780794876.1927547,0.6965021154792946,0.15568924722274322
1780794876.191226,1780794876.1927547,0.6965021154792946,0.15568924722274322
1780794876.2405841,1780794876.249393,0.7405755055731316,0.1923066854740292
1780794876.2405841,1780794876.249393,0.7405755055731316,0.1923066854740292
1780794876.2405841,1780794876.249393,0.7405755055731316,0.1923066854740292
1780794876.2710986,1780794876.2724137,0.7678228209822403,0.2149445376424711
1780794876.2710986,1780794876.2724137,0.7678228209822403,0.2149445376424711
1780794876.2710986,1780794876.2724137,0.7678228209822403,0.2149445376424711
1780794876.3006978,1780794876.3024127,0.7942528467927524,0.236903362140332
1780794876.3006978,1780794876.3024127,0.7942528467927524,0.236903362140332
1780794876.3006978,1780794876.3024127,0.7942528467927524,0.236903362140332
1780794876.3006978,1780794876.3024127,0.7942528467927524,0.236903362140332
1780794876.3006978,1780794876.3024127,0.7942528467927524,0.236903362140332
1780794876.3512127,1780794876.3524098,0.8393591853451438,0.2743790036366451
1780794876.3512127,1780794876.3524098,0.8393591853451438,0.2743790036366451
1780794876.3512127,1780794876.3524098,0.8393591853451438,0.2743790036366451
1780794876.3808696,1780794876.382415,0.8658407308438196,0.2963806321710469
1780794876.3808696,1780794876.382415,0.8658407308438196,0.2963806321710469
1780794876.3808696,1780794876.382415,0.8658407308438196,0.2963806321710469
1780794876.4145312,1780794876.4124548,0.8958982110618561,0.32135324996899356
1780794876.4145312,1780794876.4124548,0.8958982110618561,0.32135324996899356
1780794876.4145312,1780794876.4124548,0.8958982110618561,0.32135324996899356
1780794876.4414167,1780794876.442401,0.9199051083984883,0.3412988697399587
1780794876.4414167,1780794876.442401,0.9199051083984883,0.3412988697399587
1780794876.4414167,1780794876.442401,0.9199051083984883,0.3412988697399587
1780794876.4712129,1780794876.4724069,0.9465109824008319,0.3634037939658477
1780794876.4712129,1780794876.4724069,0.9465109824008319,0.3634037939658477
1780794876.4712129,1780794876.4724069,0.9465109824008319,0.3634037939658477
1780794876.5013099,1780794876.5023916,0.9733855251902108,0.3857319359360121
1780794876.5013099,1780794876.5023916,0.9733855251902108,0.3857319359360121
1780794876.5013099,1780794876.5023916,0.9733855251902108,0.3857319359360121
1780794876.5313234,1780794876.5405061,1.0001855560338986,0.4079981712417578
1780794876.5313234,1780794876.5405061,1.0001855560338986,0.4079981712417578
1780794876.5313234,1780794876.5405061,1.0001855560338986,0.4079981712417578
1780794876.5313234,1780794876.5405061,1.0001855560338986,0.4079981712417578
1780794876.5722978,1780794876.5724413,0.027172374969974714,0.43839593535699023
1780794876.5722978,1780794876.5724413,0.027172374969974714,0.43839593535699023
1780794876.5722978,1780794876.5724413,0.027172374969974714,0.43839593535699023
1780794876.6018116,1780794876.6023924,0.053612566590132,0.46029143818096
1780794876.6018116,1780794876.6023924,0.053612566590132,0.46029143818096
1780794876.6018116,1780794876.6023924,0.053612566590132,0.46029143818096
1780794876.631398,1780794876.6386607,0.08011768928915292,0.482240711364882
1780794876.631398,1780794876.6386607,0.08011768928915292,0.482240711364882
1780794876.631398,1780794876.6386607,0.08011768928915292,0.482240711364882
1780794876.6613998,1780794876.6713045,0.1069950977462636,0.5044982797376091
1780794876.6613998,1780794876.6713045,0.1069950977462636,0.5044982797376091
1780794876.6613998,1780794876.6713045,0.1069950977462636,0.5044982797376091
1780794876.6927245,1780794876.6923938,0.1350574983926354,0.5277371571794645
1780794876.6927245,1780794876.6923938,0.1350574983926354,0.5277371571794645
1780794876.6927245,1780794876.6923938,0.1350574983926354,0.5277371571794645
1780794876.7215006,1780794876.7230387,0.16083684541409515,0.5490854050899729
1780794876.7215006,1780794876.7230387,0.16083684541409515,0.5490854050899729
1780794876.7215006,1780794876.7230387,0.16083684541409515,0.5490854050899729
1780794876.7215006,1780794876.7230387,0.16083684541409515,0.5490854050899729
1780794876.7606914,1780794876.7624648,0.19594619041884687,0.578159958472302
1780794876.7606914,1780794876.7624648,0.19594619041884687,0.578159958472302
1780794876.7606914,1780794876.7624648,0.19594619041884687,0.578159958472302
1780794876.7912068,1780794876.7982786,0.22328366974395836,0.60079851814548
1780794876.7912068,1780794876.7982786,0.22328366974395836,0.60079851814548
1780794876.7912068,1780794876.7982786,0.22328366974395836,0.60079851814548
1780794876.8216164,1780794876.8224823,0.2505263155196769,0.6233585447929384
1780794876.8216164,1780794876.8224823,0.2505263155196769,0.6233585447929384
1780794876.8216164,1780794876.8224823,0.2505263155196769,0.6233585447929384
1780794876.8512285,1780794876.852406,0.27705450583882046,0.6453269206047382
1780794876.8512285,1780794876.852406,0.27705450583882046,0.6453269206047382
1780794876.8512285,1780794876.852406,0.27705450583882046,0.6453269206047382
1780794876.8815565,1780794876.8882272,0.30422410415081746,0.6678264555972503
1780794876.8815565,1780794876.8882272,0.30422410415081746,0.6678264555972503
1780794876.8815565,1780794876.8882272,0.30422410415081746,0.6678264555972503
1780794876.912335,1780794876.9218946,0.3317971722258848,0.6906601097014393
1780794876.912335,1780794876.9218946,0.3317971722258848,0.6906601097014393
1780794876.912335,1780794876.9218946,0.3317971722258848,0.6906601097014393
1780794876.9420838,1780794876.9423993,0.35844796267419843,0.7127300124428857
1780794876.9420838,1780794876.9423993,0.35844796267419843,0.7127300124428857
1780794876.9420838,1780794876.9423993,0.35844796267419843,0.7127300124428857
1780794876.9420838,1780794876.9423993,0.35844796267419843,0.7127300124428857
1780794876.9813066,1780794876.9830344,0.39358592861502817,0.7418282672338778
1780794876.9813066,1780794876.9830344,0.39358592861502817,0.7418282672338778
1780794876.9813066,1780794876.9830344,0.39358592861502817,0.7418282672338778
1780794877.0118182,1780794877.0124876,0.42091999051493634,0.7644639968881111
1780794877.0118182,1780794877.0124876,0.42091999051493634,0.7644639968881111
1780794877.0118182,1780794877.0124876,0.42091999051493634,0.7644639968881111
1780794877.0415037,1780794877.0485544,0.4475139662692443,0.7864868505645993
1780794877.0415037,1780794877.0485544,0.4475139662692443,0.7864868505645993
1780794877.0415037,1780794877.0485544,0.4475139662692443,0.7864868505645993
1780794877.0721152,1780794877.0788546,0.4749375219916651,0.809196691339951
1780794877.0721152,1780794877.0788546,0.4749375219916651,0.809196691339951
1780794877.0721152,1780794877.0788546,0.4749375219916651,0.809196691339951
1780794877.1018455,1780794877.1023967,0.5015716524921124,0.8312527977390413
1780794877.1018455,1780794877.1023967,0.5015716524921124,0.8312527977390413
1780794877.1018455,1780794877.1023967,0.5015716524921124,0.8312527977390413
1780794877.1325722,1780794877.13897,0.5290983717378593,0.022862401717146836
1780794877.1325722,1780794877.13897,0.5290983717378593,0.022862401717146836
1780794877.1325722,1780794877.13897,0.5290983717378593,0.022862401717146836
1780794877.1325722,1780794877.13897,0.5290983717378593,0.022862401717146836
1780794877.1712444,1780794877.1724036,0.5637431605040308,0.05163673806673884
1780794877.1712444,1780794877.1724036,0.5637431605040308,0.05163673806673884
1780794877.1712444,1780794877.1724036,0.5637431605040308,0.05163673806673884
1780794877.2017891,1780794877.2024062,0.591106911285393,0.07436378582227744
1780794877.2017891,1780794877.2024062,0.591106911285393,0.07436378582227744
1780794877.2017891,1780794877.2024062,0.591106911285393,0.07436378582227744
1780794877.2323487,1780794877.2327003,0.6184839045894183,0.0971018321959284
1780794877.2323487,1780794877.2327003,0.6184839045894183,0.0971018321959284
1780794877.2323487,1780794877.2327003,0.6184839045894183,0.0971018321959284
1780794877.2617445,1780794877.262395,0.644818369617347,0.11897400348883262
1780794877.2617445,1780794877.262395,0.644818369617347,0.11897400348883262
1780794877.2617445,1780794877.262395,0.644818369617347,0.11897400348883262
1780794877.291375,1780794877.2924168,0.6713630062952817,0.14102073349500358
1780794877.291375,1780794877.2924168,0.6713630062952817,0.14102073349500358
1780794877.291375,1780794877.2924168,0.6713630062952817,0.14102073349500358
1780794877.321727,1780794877.3227336,0.6985541771038748,0.1636044444209492
1780794877.321727,1780794877.3227336,0.6985541771038748,0.1636044444209492
1780794877.321727,1780794877.3227336,0.6985541771038748,0.1636044444209492
1780794877.3517125,1780794877.3524065,0.725416847914796,0.18591531865888244
1780794877.3517125,1780794877.3524065,0.725416847914796,0.18591531865888244
1780794877.3517125,1780794877.3524065,0.725416847914796,0.18591531865888244
1780794877.3820155,1780794877.3830621,0.752564019373896,0.20846248578916451
1780794877.3820155,1780794877.3830621,0.752564019373896,0.20846248578916451
1780794877.3820155,1780794877.3830621,0.752564019373896,0.20846248578916451
1780794877.3820155,1780794877.3830621,0.752564019373896,0.20846248578916451
1780794877.4212842,1780794877.4227114,0.7877432080062412,0.23768066959870904
1780794877.4212842,1780794877.4227114,0.7877432080062412,0.23768066959870904
1780794877.4212842,1780794877.4227114,0.7877432080062412,0.23768066959870904
1780794877.4516108,1780794877.4524038,0.8149115247837869,0.2602453990385576
1780794877.4516108,1780794877.4524038,0.8149115247837869,0.2602453990385576
1780794877.4516108,1780794877.4524038,0.8149115247837869,0.2602453990385576
1780794877.4821527,1780794877.488619,0.8422727124962467,0.2829703180293003
1780794877.4821527,1780794877.488619,0.8422727124962467,0.2829703180293003
1780794877.4821527,1780794877.488619,0.8422727124962467,0.2829703180293003
1780794877.5116694,1780794877.5221927,0.8687154671853065,0.30493242963483275
1780794877.5116694,1780794877.5221927,0.8687154671853065,0.30493242963483275
1780794877.5116694,1780794877.5221927,0.8687154671853065,0.30493242963483275
1780794877.5422666,1780794877.548341,0.8961262075632147,0.32769850474496354
1780794877.5422666,1780794877.548341,0.8961262075632147,0.32769850474496354
1780794877.5422666,1780794877.548341,0.8961262075632147,0.32769850474496354
1780794877.5717878,1780794877.572619,0.9225730204447035,0.34966398689475625
1780794877.5717878,1780794877.572619,0.9225730204447035,0.34966398689475625
1780794877.5717878,1780794877.572619,0.9225730204447035,0.34966398689475625
1780794877.5717878,1780794877.572619,0.9225730204447035,0.34966398689475625
1780794877.6108832,1780794877.6124225,0.9575969298193715,0.3787532030370804
1780794877.6108832,1780794877.6124225,0.9575969298193715,0.3787532030370804
1780794877.6108832,1780794877.6124225,0.9575969298193715,0.3787532030370804
1780794877.6423786,1780794877.642856,0.9858122602435931,0.4021875328960685
1780794877.6423786,1780794877.642856,0.9858122602435931,0.4021875328960685
1780794877.6423786,1780794877.642856,0.9858122602435931,0.4021875328960685
1780794877.671894,1780794877.672396,1.0122539469872769,0.42414875751626935
1780794877.671894,1780794877.672396,1.0122539469872769,0.42414875751626935
1780794877.671894,1780794877.672396,1.0122539469872769,0.42414875751626935
1780794877.671894,1780794877.672396,1.0122539469872769,0.42414875751626935
1780794877.671894,1780794877.672396,1.0122539469872769,0.42414875751626935
1780794877.7212958,1780794877.7223966,0.04426558891908869,0.460906494041818
1780794877.7212958,1780794877.7223966,0.04426558891908869,0.460906494041818
1780794877.7212958,1780794877.7223966,0.04426558891908869,0.460906494041818
1780794877.7509942,1780794877.7523994,0.07087629912109714,0.4830037822118924
1780794877.7509942,1780794877.7523994,0.07087629912109714,0.4830037822118924
1780794877.7509942,1780794877.7523994,0.07087629912109714,0.4830037822118924
1780794877.7812657,1780794877.7890022,0.09800057782865798,0.5055275329294191
1780794877.7812657,1780794877.7890022,0.09800057782865798,0.5055275329294191
1780794877.7812657,1780794877.7890022,0.09800057782865798,0.5055275329294191
1780794877.8107808,1780794877.8128686,0.12444700592552094,0.5274884027554874
1780794877.8107808,1780794877.8128686,0.12444700592552094,0.5274884027554874
1780794877.8107808,1780794877.8128686,0.12444700592552094,0.5274884027554874
1780794877.8107808,1780794877.8128686,0.12444700592552094,0.5274884027554874
1780794877.8107808,1780794877.8128686,0.12444700592552094,0.5274884027554874
1780794877.861274,1780794877.862416,0.1696905967657489,0.5650582630506853
1780794877.861274,1780794877.862416,0.1696905967657489,0.5650582630506853
1780794877.861274,1780794877.862416,0.1696905967657489,0.5650582630506853
1780794877.891053,1780794877.893052,0.19637351418692406,0.5872155114291786
1780794877.891053,1780794877.893052,0.19637351418692406,0.5872155114291786
1780794877.891053,1780794877.893052,0.19637351418692406,0.5872155114291786
1780794877.891053,1780794877.893052,0.19637351418692406,0.5872155114291786
1780794877.891053,1780794877.893052,0.19637351418692406,0.5872155114291786
1780794877.9417396,1780794877.9497967,0.2417903596269869,0.6249292407451684
1780794877.9417396,1780794877.9497967,0.2417903596269869,0.6249292407451684
1780794877.9417396,1780794877.9497967,0.2417903596269869,0.6249292407451684
1780794877.9712555,1780794877.9730227,0.2682376422471536,0.646890820159502
1780794877.9712555,1780794877.9730227,0.2682376422471536,0.646890820159502
1780794877.9712555,1780794877.9730227,0.2682376422471536,0.646890820159502
1780794878.001768,1780794878.0024412,0.2955779017197367,0.6695939193110864
1780794878.001768,1780794878.0024412,0.2955779017197367,0.6695939193110864
1780794878.001768,1780794878.0024412,0.2955779017197367,0.6695939193110864
1780794878.031546,1780794878.0324044,0.3222599646176081,0.6917504581013143
1780794878.031546,1780794878.0324044,0.3222599646176081,0.6917504581013143
1780794878.031546,1780794878.0324044,0.3222599646176081,0.6917504581013143
1780794878.0617235,1780794878.068702,0.3492998591489238,0.7142041369776415
1780794878.0617235,1780794878.068702,0.3492998591489238,0.7142041369776415
1780794878.0617235,1780794878.068702,0.3492998591489238,0.7142041369776415
1780794878.0617235,1780794878.068702,0.3492998591489238,0.7142041369776415
1780794878.0617235,1780794878.068702,0.3492998591489238,0.7142041369776415
1780794878.0617235,1780794878.068702,0.3492998591489238,0.7142041369776415
1780794878.0617235,1780794878.068702,0.3492998591489238,0.7142041369776415
1780794878.0617235,1780794878.068702,0.3492998591489238,0.7142041369776415
1780794878.0617235,1780794878.068702,0.3492998591489238,0.7142041369776415
1780794878.1311443,1780794878.15937,0.41150317399863323,0.7658571955744825
1780794878.1311443,1780794878.15937,0.41150317399863323,0.7658571955744825
1780794878.1606588,1780794878.1725233,0.4379491748338443,0.787817710606418
1780794878.1606588,1780794878.1725233,0.4379491748338443,0.787817710606418
1780794878.1911747,1780794878.1924193,0.4652924251379905,0.810523293316931
1780794878.1911747,1780794878.1924193,0.4652924251379905,0.810523293316931
1780794878.1911747,1780794878.1924193,0.4652924251379905,0.810523293316931
1780794878.2215905,1780794878.2231295,0.4925459504952432,0.8331543692595862
1780794878.2215905,1780794878.2231295,0.4925459504952432,0.8331543692595862
1780794878.2215905,1780794878.2231295,0.4925459504952432,0.8331543692595862
1780794878.251942,1780794878.2587924,0.519741795529493,0.8557375479943329
1780794878.251942,1780794878.2587924,0.519741795529493,0.8557375479943329
1780794878.251942,1780794878.2587924,0.519741795529493,0.8557375479943329
1780794878.2818213,1780794878.2834344,0.5465146515283875,0.022231416695933547
1780794878.2818213,1780794878.2834344,0.5465146515283875,0.022231416695933547
1780794878.2818213,1780794878.2834344,0.5465146515283875,0.022231416695933547
1780794878.3119743,1780794878.3130379,0.5735327557154577,0.04466648049867855
1780794878.3119743,1780794878.3130379,0.5735327557154577,0.04466648049867855
1780794878.3119743,1780794878.3130379,0.5735327557154577,0.04466648049867855
1780794878.3119743,1780794878.3130379,0.5735327557154577,0.04466648049867855
1780794878.3522449,1780794878.352448,0.6096164976319877,0.07462939153543995
1780794878.3522449,1780794878.352448,0.6096164976319877,0.07462939153543995
1780794878.3522449,1780794878.352448,0.6096164976319877,0.07462939153543995
1780794878.3817594,1780794878.3830805,0.6360624984671988,0.09658939701759167
1780794878.3817594,1780794878.3830805,0.6360624984671988,0.09658939701759167
1780794878.3817594,1780794878.3830805,0.6360624984671988,0.09658939701759167
1780794878.4112737,1780794878.4123955,0.6625082856715839,0.11854922510679322
1780794878.4112737,1780794878.4123955,0.6625082856715839,0.11854922510679322
1780794878.4112737,1780794878.4123955,0.6625082856715839,0.11854922510679322
1780794878.4422607,1780794878.4424007,0.6902736704877815,0.14160480944928253
1780794878.4422607,1780794878.4424007,0.6902736704877815,0.14160480944928253
1780794878.4422607,1780794878.4424007,0.6902736704877815,0.14160480944928253
1780794878.472063,1780794878.4783428,0.7169775237298984,0.16377892822230658
1780794878.472063,1780794878.4783428,0.7169775237298984,0.16377892822230658
1780794878.472063,1780794878.4783428,0.7169775237298984,0.16377892822230658
1780794878.501777,1780794878.5023959,0.7436021199355928,0.1858872342108123
1780794878.501777,1780794878.5023959,0.7436021199355928,0.1858872342108123
1780794878.501777,1780794878.5023959,0.7436021199355928,0.1858872342108123
1780794878.501777,1780794878.5023959,0.7436021199355928,0.1858872342108123
1780794878.5409272,1780794878.548386,0.7786820106010451,0.2150165757746582
1780794878.5409272,1780794878.548386,0.7786820106010451,0.2150165757746582
1780794878.5409272,1780794878.548386,0.7786820106010451,0.2150165757746582
1780794878.571404,1780794878.5727122,0.8059902254497376,0.2376925392037533
1780794878.571404,1780794878.5727122,0.8059902254497376,0.2376925392037533
1780794878.571404,1780794878.5727122,0.8059902254497376,0.2376925392037533
1780794878.6019182,1780794878.6024036,0.8333319803381023,0.26039635332602734
1780794878.6019182,1780794878.6024036,0.8333319803381023,0.26039635332602734
1780794878.6019182,1780794878.6024036,0.8333319803381023,0.26039635332602734
1780794878.632248,1780794878.6331065,0.8605083849671918,0.28296286530485887
1780794878.632248,1780794878.6331065,0.8605083849671918,0.28296286530485887
1780794878.632248,1780794878.6331065,0.8605083849671918,0.28296286530485887
1780794878.6622598,1780794878.6689355,0.8874000197053074,0.3052929124810948
1780794878.6622598,1780794878.6689355,0.8874000197053074,0.3052929124810948
1780794878.6622598,1780794878.6689355,0.8874000197053074,0.3052929124810948
1780794878.6922407,1780794878.6924047,0.9142638824360511,0.32759989857380684
1780794878.6922407,1780794878.6924047,0.9142638824360511,0.32759989857380684
1780794878.6922407,1780794878.6924047,0.9142638824360511,0.32759989857380684
1780794878.7221618,1780794878.7294018,0.9410741238294846,0.3498623590360226
1780794878.7221618,1780794878.7294018,0.9410741238294846,0.3498623590360226
1780794878.7221618,1780794878.7294018,0.9410741238294846,0.3498623590360226
1780794878.7521746,1780794878.7524412,0.9679666130909038,0.3721931157840593
1780794878.7521746,1780794878.7524412,0.9679666130909038,0.3721931157840593
1780794878.7521746,1780794878.7524412,0.9679666130909038,0.3721931157840593
1780794878.7521746,1780794878.7524412,0.9679666130909038,0.3721931157840593
1780794878.7923727,1780794878.7923956,0.008983909962955252,0.4021020993639647
1780794878.7923727,1780794878.7923956,0.008983909962955252,0.4021020993639647
1780794878.7923727,1780794878.7923956,0.008983909962955252,0.4021020993639647
1780794878.8220644,1780794878.8224947,0.035628195908672076,0.4241939078081033
1780794878.8220644,1780794878.8224947,0.035628195908672076,0.4241939078081033
1780794878.8220644,1780794878.8224947,0.035628195908672076,0.4241939078081033
1780794878.851579,1780794878.861088,0.062113518145439944,0.446153913290255
1780794878.851579,1780794878.861088,0.062113518145439944,0.446153913290255
1780794878.851579,1780794878.861088,0.062113518145439944,0.446153913290255
1780794878.851579,1780794878.861088,0.062113518145439944,0.446153913290255
1780794878.851579,1780794878.861088,0.062113518145439944,0.446153913290255
1780794878.9020948,1780794878.9027278,0.10744470480546223,0.4837397541823315
1780794878.9020948,1780794878.9027278,0.10744470480546223,0.4837397541823315
1780794878.9020948,1780794878.9027278,0.10744470480546223,0.4837397541823315
1780794878.9313002,1780794878.9323988,0.13365253588407827,0.5054696810080944
1780794878.9313002,1780794878.9323988,0.13365253588407827,0.5054696810080944
1780794878.9313002,1780794878.9323988,0.13365253588407827,0.5054696810080944
1780794878.9618137,1780794878.96828,0.16103430218611686,0.5281729629515178
1780794878.9618137,1780794878.96828,0.16103430218611686,0.5281729629515178
1780794878.9618137,1780794878.96828,0.16103430218611686,0.5281729629515178
1780794878.9915965,1780794878.993089,0.18776031644518296,0.5503325355026268
1780794878.9915965,1780794878.993089,0.18776031644518296,0.5503325355026268
1780794878.9915965,1780794878.993089,0.18776031644518296,0.5503325355026268
1780794879.0213113,1780794879.022374,0.2144253553919335,0.5724415510629333
1780794879.0213113,1780794879.022374,0.2144253553919335,0.5724415510629333
1780794879.0213113,1780794879.022374,0.2144253553919335,0.5724415510629333
1780794879.0213113,1780794879.022374,0.2144253553919335,0.5724415510629333
1780794879.0607467,1780794879.0693352,0.24981328717523588,0.6017830545951994
1780794879.0607467,1780794879.0693352,0.24981328717523588,0.6017830545951994
1780794879.0607467,1780794879.0693352,0.24981328717523588,0.6017830545951994
1780794879.0607467,1780794879.0693352,0.24981328717523588,0.6017830545951994
1780794879.1013184,1780794879.1024113,0.2862208973392257,0.6319700129280434
1780794879.1013184,1780794879.1024113,0.2862208973392257,0.6319700129280434
1780794879.1013184,1780794879.1024113,0.2862208973392257,0.6319700129280434
1780794879.13132,1780794879.132402,0.3131433162884871,0.6542924322074215
1780794879.13132,1780794879.132402,0.3131433162884871,0.6542924322074215
1780794879.13132,1780794879.132402,0.3131433162884871,0.6542924322074215
1780794879.1608627,1780794879.1624002,0.33965388444403827,0.676273370057695
1780794879.1608627,1780794879.1624002,0.33965388444403827,0.676273370057695
1780794879.1608627,1780794879.1624002,0.33965388444403827,0.676273370057695
1780794879.191541,1780794879.1924057,0.367183489134884,0.6990992305296958
1780794879.191541,1780794879.1924057,0.367183489134884,0.6990992305296958
1780794879.191541,1780794879.1924057,0.367183489134884,0.6990992305296958
1780794879.2220118,1780794879.2298281,0.39452695866181914,0.7217707591350363
1780794879.2220118,1780794879.2298281,0.39452695866181914,0.7217707591350363
1780794879.2220118,1780794879.2298281,0.39452695866181914,0.7217707591350363
1780794879.2220118,1780794879.2298281,0.39452695866181914,0.7217707591350363
1780794879.2612152,1780794879.2696638,0.4297067185893916,0.7509396593267732
1780794879.2612152,1780794879.2696638,0.4297067185893916,0.7509396593267732
1780794879.2612152,1780794879.2696638,0.4297067185893916,0.7509396593267732
1780794879.2913423,1780794879.2926104,0.45674167443085645,0.7733553872979482
1780794879.2913423,1780794879.2926104,0.45674167443085645,0.7733553872979482
1780794879.2913423,1780794879.2926104,0.45674167443085645,0.7733553872979482
1780794879.3218567,1780794879.3225226,0.4841242965267521,0.7960593788131723
1780794879.3218567,1780794879.3225226,0.4841242965267521,0.7960593788131723
1780794879.3218567,1780794879.3225226,0.4841242965267521,0.7960593788131723
1780794879.351357,1780794879.3524125,0.510596781855664,0.018440467939741807
1780794879.351357,1780794879.3524125,0.510596781855664,0.018440467939741807
1780794879.351357,1780794879.3524125,0.510596781855664,0.018440467939741807
1780794879.3813705,1780794879.388315,0.5375298982281388,0.04543847625596735
1780794879.3813705,1780794879.388315,0.5375298982281388,0.04543847625596735
1780794879.3813705,1780794879.388315,0.5375298982281388,0.04543847625596735
1780794879.4109795,1780794879.4123957,0.5640999440567556,0.07207253925569515
1780794879.4109795,1780794879.4123957,0.5640999440567556,0.07207253925569515
1780794879.4109795,1780794879.4123957,0.5640999440567556,0.07207253925569515
1780794879.4413452,1780794879.4424036,0.5913490623109499,0.09938731082028084
1780794879.4413452,1780794879.4424036,0.5913490623109499,0.09938731082028084
1780794879.4413452,1780794879.4424036,0.5913490623109499,0.09938731082028084
1780794879.4413452,1780794879.4424036,0.5913490623109499,0.09938731082028084
1780794879.4818075,1780794879.488245,0.6276584701298419,0.1357842015734619
1780794879.4818075,1780794879.488245,0.6276584701298419,0.1357842015734619
1780794879.4818075,1780794879.488245,0.6276584701298419,0.1357842015734619
1780794879.5113575,1780794879.5124114,0.6541756706877853,0.16236529197850796
1780794879.5113575,1780794879.5124114,0.6541756706877853,0.16236529197850796
1780794879.5113575,1780794879.5124114,0.6541756706877853,0.16236529197850796
1780794879.540873,1780794879.5424066,0.6806618487184102,0.1889152851113724
1780794879.540873,1780794879.5424066,0.6806618487184102,0.1889152851113724
1780794879.540873,1780794879.5424066,0.6806618487184102,0.1889152851113724
1780794879.5714748,1780794879.5727062,0.7081227759522268,0.21644237598257726
1780794879.5714748,1780794879.5727062,0.7081227759522268,0.21644237598257726
1780794879.5714748,1780794879.5727062,0.7081227759522268,0.21644237598257726
1780794879.6014776,1780794879.6023905,0.7350462646438096,0.24343073342122923
1780794879.6014776,1780794879.6023905,0.7350462646438096,0.24343073342122923
1780794879.6014776,1780794879.6023905,0.7350462646438096,0.24343073342122923
1780794879.6322565,1780794879.638924,0.7626661555865752,0.27111717100437155
1780794879.6322565,1780794879.638924,0.7626661555865752,0.27111717100437155
1780794879.6322565,1780794879.638924,0.7626661555865752,0.27111717100437155
1780794879.661254,1780794879.6690211,0.7886874236043522,0.29720113398240416
1780794879.661254,1780794879.6690211,0.7886874236043522,0.29720113398240416
1780794879.661254,1780794879.6690211,0.7886874236043522,0.29720113398240416
1780794879.661254,1780794879.6690211,0.7886874236043522,0.29720113398240416
1780794879.7006936,1780794879.7023926,0.8240792064600113,0.33267818887084816
1780794879.7006936,1780794879.7023926,0.8240792064600113,0.33267818887084816
1780794879.7006936,1780794879.7023926,0.8240792064600113,0.33267818887084816
1780794879.731026,1780794879.7327085,0.8512983719292084,0.35996293548298264
1780794879.731026,1780794879.7327085,0.8512983719292084,0.35996293548298264
1780794879.731026,1780794879.7327085,0.8512983719292084,0.35996293548298264
1780794879.76054,1780794879.7623873,0.8777832662690478,0.3865116418321706
1780794879.76054,1780794879.7623873,0.8777832662690478,0.3865116418321706
1780794879.76054,1780794879.7623873,0.8777832662690478,0.3865116418321706
1780794879.7933166,1780794879.7983677,0.9071958313938906,0.41599507281951714
1780794879.7933166,1780794879.7983677,0.9071958313938906,0.41599507281951714
1780794879.7933166,1780794879.7983677,0.9071958313938906,0.41599507281951714
1780794879.821654,1780794879.8227365,0.9326248900625816,0.4414853995948004
1780794879.821654,1780794879.8227365,0.9326248900625816,0.4414853995948004
1780794879.821654,1780794879.8227365,0.9326248900625816,0.4414853995948004
1780794879.8519866,1780794879.8524127,0.959844269480243,0.46877036067088096
1780794879.8519866,1780794879.8524127,0.959844269480243,0.46877036067088096
1780794879.8519866,1780794879.8524127,0.959844269480243,0.46877036067088096
1780794879.8816311,1780794879.8823922,0.9864461936300354,0.49543637879857466
1780794879.8816311,1780794879.8823922,0.9864461936300354,0.49543637879857466
1780794879.8816311,1780794879.8823922,0.9864461936300354,0.49543637879857466
1780794879.8816311,1780794879.8823922,0.9864461936300354,0.49543637879857466
1780794879.9214444,1780794879.9224062,0.009131562044439328,0.531249498690526
1780794879.9214444,1780794879.9224062,0.009131562044439328,0.531249498690526
1780794879.9214444,1780794879.9224062,0.009131562044439328,0.531249498690526
1780794879.9518638,1780794879.9524086,0.03638866802717199,0.5586125246429797
1780794879.9518638,1780794879.9524086,0.03638866802717199,0.5586125246429797
1780794879.9518638,1780794879.9524086,0.03638866802717199,0.5586125246429797
1780794879.981379,1780794879.9890075,0.0628356747381352,0.585162303311898
1780794879.981379,1780794879.9890075,0.0628356747381352,0.585162303311898
1780794879.981379,1780794879.9890075,0.0628356747381352,0.585162303311898
1780794880.0108283,1780794880.0123816,0.08922350489364478,0.6116526754677523
1780794880.0108283,1780794880.0123816,0.08922350489364478,0.6116526754677523
1780794880.0108283,1780794880.0123816,0.08922350489364478,0.6116526754677523
1780794880.0421934,1780794880.0423918,0.11732809605863205,0.6398664798943052
1780794880.0421934,1780794880.0423918,0.11732809605863205,0.6398664798943052
1780794880.0421934,1780794880.0423918,0.11732809605863205,0.6398664798943052
1780794880.071612,1780794880.0792348,0.14368836745726973,0.6663291862011151
1780794880.071612,1780794880.0792348,0.14368836745726973,0.6663291862011151
1780794880.071612,1780794880.0792348,0.14368836745726973,0.6663291862011151
1780794880.1016243,1780794880.1025317,0.1705808005874416,0.6933261221976103
1780794880.1016243,1780794880.1025317,0.1705808005874416,0.6933261221976103
1780794880.1016243,1780794880.1025317,0.1705808005874416,0.6933261221976103
1780794880.1016243,1780794880.1025317,0.1705808005874416,0.6933261221976103
1780794880.1407723,1780794880.142827,0.20565925267744006,0.7285408876799985
1780794880.1407723,1780794880.142827,0.20565925267744006,0.7285408876799985
1780794880.1407723,1780794880.142827,0.20565925267744006,0.7285408876799985
1780794880.172241,1780794880.1723907,0.23385656090043047,0.7568477694591502
1780794880.172241,1780794880.1723907,0.23385656090043047,0.7568477694591502
1780794880.172241,1780794880.1723907,0.23385656090043047,0.7568477694591502
1780794880.201429,1780794880.2023892,0.26001024843941595,0.7831030891301007
1780794880.201429,1780794880.2023892,0.26001024843941595,0.7831030891301007
1780794880.201429,1780794880.2023892,0.26001024843941595,0.7831030891301007
1780794880.2319832,1780794880.2326996,0.2873882711383463,0.8105875016760357
1780794880.2319832,1780794880.2326996,0.2873882711383463,0.8105875016760357
1780794880.2319832,1780794880.2326996,0.2873882711383463,0.8105875016760357
1780794880.2319832,1780794880.2326996,0.2873882711383463,0.8105875016760357
1780794880.2319832,1780794880.2326996,0.2873882711383463,0.8105875016760357
1780794880.2814357,1780794880.2827423,0.33169997494930364,0.855071398908001
1780794880.2814357,1780794880.2827423,0.33169997494930364,0.855071398908001
1780794880.2814357,1780794880.2827423,0.33169997494930364,0.855071398908001
1780794880.3109508,1780794880.3124108,0.35814676802649265,0.8816209631129732
1780794880.3109508,1780794880.3124108,0.35814676802649265,0.8816209631129732
1780794880.3109508,1780794880.3124108,0.35814676802649265,0.8816209631129732
1780794880.3415637,1780794880.3424387,0.3855773446338764,0.9091581337896439
1780794880.3415637,1780794880.3424387,0.3855773446338764,0.9091581337896439
1780794880.3415637,1780794880.3424387,0.3855773446338764,0.9091581337896439
1780794880.3712423,1780794880.3784735,0.41217069048016713,0.935854820261627
1780794880.3712423,1780794880.3784735,0.41217069048016713,0.935854820261627
1780794880.3712423,1780794880.3784735,0.41217069048016713,0.935854820261627
1780794880.402032,1780794880.4093776,0.43975956971423363,0.963550908722343
1780794880.402032,1780794880.4093776,0.43975956971423363,0.963550908722343
1780794880.402032,1780794880.4093776,0.43975956971423363,0.963550908722343
1780794880.4318902,1780794880.432407,0.4665139954262718,0.9904093010096704
1780794880.4318902,1780794880.432407,0.4665139954262718,0.9904093010096704
1780794880.4318902,1780794880.432407,0.4665139954262718,0.9904093010096704
1780794880.4615133,1780794880.4624162,0.4930575646031738,1.017056017382217
1780794880.4615133,1780794880.4624162,0.4930575646031738,1.017056017382217
1780794880.4615133,1780794880.4624162,0.4930575646031738,1.017056017382217
1780794880.4921637,1780794880.4929175,0.5205216817131071,0.018297759184721724
1780794880.4921637,1780794880.4929175,0.5205216817131071,0.018297759184721724
1780794880.4921637,1780794880.4929175,0.5205216817131071,0.018297759184721724
1780794880.4921637,1780794880.4929175,0.5205216817131071,0.018297759184721724
1780794880.5314531,1780794880.5324016,0.5557268186312065,0.05330959494948447
1780794880.5314531,1780794880.5324016,0.5557268186312065,0.05330959494948447
1780794880.5314531,1780794880.5324016,0.5557268186312065,0.05330959494948447
1780794880.5615025,1780794880.5629327,0.5826523649963796,0.08008730098161976
1780794880.5615025,1780794880.5629327,0.5826523649963796,0.08008730098161976
1780794880.5615025,1780794880.5629327,0.5826523649963796,0.08008730098161976
1780794880.5921152,1780794880.599081,0.6100827279699891,0.10736705182122225
1780794880.5921152,1780794880.599081,0.6100827279699891,0.10736705182122225
1780794880.5921152,1780794880.599081,0.6100827279699891,0.10736705182122225
1780794880.6219034,1780794880.6292615,0.6367743453524122,0.13391211330652023
1780794880.6219034,1780794880.6292615,0.6367743453524122,0.13391211330652023
1780794880.6219034,1780794880.6292615,0.6367743453524122,0.13391211330652023
1780794880.6518395,1780794880.6527755,0.6635984156748399,0.16058890047130597
1780794880.6518395,1780794880.6527755,0.6635984156748399,0.16058890047130597
1780794880.6518395,1780794880.6527755,0.6635984156748399,0.16058890047130597
1780794880.6822786,1780794880.6824033,0.6908732532608312,0.18771397986789698
1780794880.6822786,1780794880.6824033,0.6908732532608312,0.18771397986789698
1780794880.6822786,1780794880.6824033,0.6908732532608312,0.18771397986789698
1780794880.6822786,1780794880.6824033,0.6908732532608312,0.18771397986789698
1780794880.7217503,1780794880.7231183,0.7262416063824201,0.22288813566351243
1780794880.7217503,1780794880.7231183,0.7262416063824201,0.22288813566351243
1780794880.7217503,1780794880.7231183,0.7262416063824201,0.22288813566351243
1780794880.7512138,1780794880.752395,0.7526422545643817,0.24914382557548398
1780794880.7512138,1780794880.752395,0.7526422545643817,0.24914382557548398
1780794880.7512138,1780794880.752395,0.7526422545643817,0.24914382557548398
1780794880.781728,1780794880.7885895,0.7799843867892463,0.27633583011568574
1780794880.781728,1780794880.7885895,0.7799843867892463,0.27633583011568574
1780794880.781728,1780794880.7885895,0.7799843867892463,0.27633583011568574
1780794880.8115215,1780794880.8187835,0.8066807041147019,0.3028855657379978
1780794880.8115215,1780794880.8187835,0.8066807041147019,0.3028855657379978
1780794880.8115215,1780794880.8187835,0.8066807041147019,0.3028855657379978
1780794880.841138,1780794880.8424656,0.8332182915459262,0.32927744300569783
1780794880.841138,1780794880.8424656,0.8332182915459262,0.32927744300569783
1780794880.841138,1780794880.8424656,0.8332182915459262,0.32927744300569783
1780794880.87183,1780794880.878342,0.8607197945663446,0.35662794328283165
1780794880.87183,1780794880.878342,0.8607197945663446,0.35662794328283165
1780794880.87183,1780794880.878342,0.8607197945663446,0.35662794328283165
1780794880.9016078,1780794880.9098136,0.8874020120627029,0.3831636564941015
1780794880.9016078,1780794880.9098136,0.8874020120627029,0.3831636564941015
1780794880.9016078,1780794880.9098136,0.8874020120627029,0.3831636564941015
1780794880.9321685,1780794880.932508,0.9147858028735366,0.41039709088510984
1780794880.9321685,1780794880.932508,0.9147858028735366,0.41039709088510984
1780794880.9321685,1780794880.932508,0.9147858028735366,0.41039709088510984
1780794880.9321685,1780794880.932508,0.9147858028735366,0.41039709088510984
1780794880.9713967,1780794880.9731615,0.9499360359116665,0.4453543242311172
1780794880.9713967,1780794880.9731615,0.9499360359116665,0.4453543242311172
1780794880.9713967,1780794880.9731615,0.9499360359116665,0.4453543242311172
1780794881.0009413,1780794881.0024068,0.9764093195768565,0.47168225080603365
1780794881.0009413,1780794881.0024068,0.9764093195768565,0.47168225080603365
1780794881.0009413,1780794881.0024068,0.9764093195768565,0.47168225080603365
1780794881.0312748,1780794881.0395308,1.0035895174008769,0.4987132100800229
1780794881.0312748,1780794881.0395308,1.0035895174008769,0.4987132100800229
1780794881.0312748,1780794881.0395308,1.0035895174008769,0.4987132100800229
1780794881.0617168,1780794881.0627818,0.02708330708426923,0.5258408390058943
1780794881.0617168,1780794881.0627818,0.02708330708426923,0.5258408390058943
1780794881.0617168,1780794881.0627818,0.02708330708426923,0.5258408390058943
1780794881.0921466,1780794881.0924106,0.05415579637242389,0.552957632432324
1780794881.0921466,1780794881.0924106,0.05415579637242389,0.552957632432324
1780794881.0921466,1780794881.0924106,0.05415579637242389,0.552957632432324
1780794881.121883,1780794881.128504,0.08061124705474895,0.5794563774690279
1780794881.121883,1780794881.128504,0.08061124705474895,0.5794563774690279
1780794881.121883,1780794881.128504,0.08061124705474895,0.5794563774690279
1780794881.152268,1780794881.1530232,0.10764385897683418,0.6065332282700645
1780794881.152268,1780794881.1530232,0.10764385897683418,0.6065332282700645
1780794881.152268,1780794881.1530232,0.10764385897683418,0.6065332282700645
1780794881.152268,1780794881.1530232,0.10764385897683418,0.6065332282700645
1780794881.191704,1780794881.1924338,0.14272894136750264,0.6416757274104482
1780794881.191704,1780794881.1924338,0.14272894136750264,0.6416757274104482
1780794881.191704,1780794881.1924338,0.14272894136750264,0.6416757274104482
1780794881.221216,1780794881.2284477,0.16898479310583128,0.6679745468594133
1780794881.221216,1780794881.2284477,0.16898479310583128,0.6679745468594133
1780794881.221216,1780794881.2284477,0.16898479310583128,0.6679745468594133
1780794881.2512686,1780794881.2527442,0.1957217186007847,0.6947552273423757
1780794881.2512686,1780794881.2527442,0.1957217186007847,0.6947552273423757
1780794881.2512686,1780794881.2527442,0.1957217186007847,0.6947552273423757
1780794881.2817833,1780794881.2823951,0.22286972034809208,0.7219476568041242
1780794881.2817833,1780794881.2823951,0.22286972034809208,0.7219476568041242
1780794881.2817833,1780794881.2823951,0.22286972034809208,0.7219476568041242
1780794881.311639,1780794881.3128488,0.2494314399687192,0.7485528446882852
1780794881.311639,1780794881.3128488,0.2494314399687192,0.7485528446882852
1780794881.311639,1780794881.3128488,0.2494314399687192,0.7485528446882852
1780794881.3420227,1780794881.3424082,0.2764627792089086,0.7756284207246815
1780794881.3420227,1780794881.3424082,0.2764627792089086,0.7756284207246815
1780794881.3420227,1780794881.3424082,0.2764627792089086,0.7756284207246815
1780794881.3714845,1780794881.3724728,0.30267408708088306,0.8018826234112395
1780794881.3714845,1780794881.3724728,0.30267408708088306,0.8018826234112395
1780794881.3714845,1780794881.3724728,0.30267408708088306,0.8018826234112395
1780794881.3714845,1780794881.3724728,0.30267408708088306,0.8018826234112395
1780794881.4108295,1780794881.4198895,0.33767814205751684,0.836943962536197
1780794881.4108295,1780794881.4198895,0.33767814205751684,0.836943962536197
1780794881.4108295,1780794881.4198895,0.33767814205751684,0.836943962536197
1780794881.4412806,1780794881.448236,0.36476950946045966,0.8640796649714563
1780794881.4412806,1780794881.448236,0.36476950946045966,0.8640796649714563
1780794881.4412806,1780794881.448236,0.36476950946045966,0.8640796649714563
1780794881.471795,1780794881.4784923,0.39191729909411777,0.8912718819724313
1780794881.471795,1780794881.4784923,0.39191729909411777,0.8912718819724313
1780794881.471795,1780794881.4784923,0.39191729909411777,0.8912718819724313
1780794881.471795,1780794881.4784923,0.39191729909411777,0.8912718819724313
1780794881.471795,1780794881.4784923,0.39191729909411777,0.8912718819724313
1780794881.5212631,1780794881.522401,0.43592748750661214,0.9353540930737958
1780794881.5212631,1780794881.522401,0.43592748750661214,0.9353540930737958
1780794881.5212631,1780794881.522401,0.43592748750661214,0.9353540930737958
1780794881.5507958,1780794881.5531018,0.4622017931324303,0.9616713966100439
1780794881.5507958,1780794881.5531018,0.4622017931324303,0.9616713966100439
1780794881.5507958,1780794881.5531018,0.4622017931324303,0.9616713966100439
1780794881.5811677,1780794881.5824068,0.48922273880380374,0.9887365620685452
1780794881.5811677,1780794881.5824068,0.48922273880380374,0.9887365620685452
1780794881.5811677,1780794881.5824068,0.48922273880380374,0.9887365620685452
1780794881.6116166,1780794881.6124072,0.5163121971839029,0.027187493480510933
1780794881.6116166,1780794881.6124072,0.5163121971839029,0.027187493480510933
1780794881.6116166,1780794881.6124072,0.5163121971839029,0.027187493480510933
1780794881.6416297,1780794881.6485367,0.5430139118130716,0.05398583998906642
1780794881.6416297,1780794881.6485367,0.5430139118130716,0.05398583998906642
1780794881.6416297,1780794881.6485367,0.5430139118130716,0.05398583998906642
1780794881.6416297,1780794881.6485367,0.5430139118130716,0.05398583998906642
1780794881.6807976,1780794881.682469,0.5778603663482714,0.08895840172144315
1780794881.6807976,1780794881.682469,0.5778603663482714,0.08895840172144315
1780794881.6807976,1780794881.682469,0.5778603663482714,0.08895840172144315
1780794881.7113123,1780794881.7125397,0.6050083680955788,0.11620465043404363
1780794881.7113123,1780794881.7125397,0.6050083680955788,0.11620465043404363
1780794881.7113123,1780794881.7125397,0.6050083680955788,0.11620465043404363
1780794881.7420177,1780794881.7427151,0.6323260607623306,0.14362120416719354
1780794881.7420177,1780794881.7427151,0.6323260607623306,0.14362120416719354
1780794881.7420177,1780794881.7427151,0.6323260607623306,0.14362120416719354
1780794881.7725315,1780794881.7792685,0.6594732140550407,0.17086660135469128
1780794881.7725315,1780794881.7792685,0.6594732140550407,0.17086660135469128
1780794881.7725315,1780794881.7792685,0.6594732140550407,0.17086660135469128
1780794881.7725315,1780794881.7792685,0.6594732140550407,0.17086660135469128
1780794881.7725315,1780794881.7792685,0.6594732140550407,0.17086660135469128
1780794881.8210473,1780794881.8227448,0.7026362205522091,0.21418581214419555
1780794881.8210473,1780794881.8227448,0.7026362205522091,0.21418581214419555
1780794881.8210473,1780794881.8227448,0.7026362205522091,0.21418581214419555
1780794881.8504994,1780794881.8524528,0.728838831764562,0.24048324901106002
1780794881.8504994,1780794881.8524528,0.728838831764562,0.24048324901106002
1780794881.8504994,1780794881.8524528,0.728838831764562,0.24048324901106002
1780794881.8812165,1780794881.8824139,0.7561669180001298,0.2679102339267186
1780794881.8812165,1780794881.8824139,0.7561669180001298,0.2679102339267186
1780794881.8812165,1780794881.8824139,0.7561669180001298,0.2679102339267186
1780794881.8812165,1780794881.8824139,0.7561669180001298,0.2679102339267186
1780794881.8812165,1780794881.8824139,0.7561669180001298,0.2679102339267186
1780794881.9307375,1780794881.9324036,0.8002241956427699,0.31212695217451836
1780794881.9307375,1780794881.9324036,0.8002241956427699,0.31212695217451836
1780794881.9307375,1780794881.9324036,0.8002241956427699,0.31212695217451836
1780794881.9612513,1780794881.9629085,0.8273713489354801,0.3393723493620161
1780794881.9612513,1780794881.9629085,0.8273713489354801,0.3393723493620161
1780794881.9612513,1780794881.9629085,0.8273713489354801,0.3393723493620161
1780794881.9918377,1780794881.9927208,0.8545831968912284,0.36668267533859833
1780794881.9918377,1780794881.9927208,0.8545831968912284,0.36668267533859833
1780794881.9918377,1780794881.9927208,0.8545831968912284,0.36668267533859833
1780794882.0218406,1780794882.0223963,0.881275790633477,0.39347186795229927
1780794882.0218406,1780794882.0223963,0.881275790633477,0.39347186795229927
1780794882.0218406,1780794882.0223963,0.881275790633477,0.39347186795229927
1780794882.05121,1780794882.0524633,0.907404798409521,0.4196954350165004
1780794882.05121,1780794882.0524633,0.907404798409521,0.4196954350165004
1780794882.05121,1780794882.0524633,0.907404798409521,0.4196954350165004
1780794882.05121,1780794882.0524633,0.907404798409521,0.4196954350165004
1780794882.0911279,1780794882.0924227,0.9429185624854358,0.4553377212421878
1780794882.0911279,1780794882.0924227,0.9429185624854358,0.4553377212421878
1780794882.0911279,1780794882.0924227,0.9429185624854358,0.4553377212421878
1780794882.1207945,1780794882.1286957,0.9693120759821636,0.4818267512571704
1780794882.1207945,1780794882.1286957,0.9693120759821636,0.4818267512571704
1780794882.1207945,1780794882.1286957,0.9693120759821636,0.4818267512571704
1780794882.1513116,1780794882.1527152,0.9964621988659641,0.5090751287825277
1780794882.1513116,1780794882.1527152,0.9964621988659641,0.5090751287825277
1780794882.1513116,1780794882.1527152,0.9964621988659641,0.5090751287825277
1780794882.1808245,1780794882.188518,0.026306888279308573,0.5354268503746923
1780794882.1808245,1780794882.188518,0.026306888279308573,0.5354268503746923
1780794882.1808245,1780794882.188518,0.026306888279308573,0.5354268503746923
1780794882.2108266,1780794882.2124033,0.05304986573468828,0.5622154043445662
1780794882.2108266,1780794882.2124033,0.05304986573468828,0.5622154043445662
1780794882.2108266,1780794882.2124033,0.05304986573468828,0.5622154043445662
1780794882.241575,1780794882.242931,0.08045802794694062,0.5896702767073397
1780794882.241575,1780794882.242931,0.08045802794694062,0.5896702767073397
1780794882.241575,1780794882.242931,0.08045802794694062,0.5896702767073397
1780794882.2721791,1780794882.2724104,0.10773761610874313,0.6169963558983228
1780794882.2721791,1780794882.2724104,0.10773761610874313,0.6169963558983228
1780794882.2721791,1780794882.2724104,0.10773761610874313,0.6169963558983228
1780794882.2721791,1780794882.2724104,0.10773761610874313,0.6169963558983228
1780794882.3110495,1780794882.3128514,0.1423854536972329,0.6517032417986424
1780794882.3110495,1780794882.3128514,0.1423854536972329,0.6517032417986424
1780794882.3110495,1780794882.3128514,0.1423854536972329,0.6517032417986424
1780794882.3415642,1780794882.3423932,0.1695853471996657,0.6789494905112429
1780794882.3415642,1780794882.3423932,0.1695853471996657,0.6789494905112429
1780794882.3415642,1780794882.3423932,0.1695853471996657,0.6789494905112429
1780794882.3716743,1780794882.372891,0.19642459580356403,0.7058344796990029
1780794882.3716743,1780794882.372891,0.19642459580356403,0.7058344796990029
1780794882.3716743,1780794882.372891,0.19642459580356403,0.7058344796990029
1780794882.4012816,1780794882.4027152,0.22281564164316703,0.7322705022763395
1780794882.4012816,1780794882.4027152,0.22281564164316703,0.7322705022763395
1780794882.4012816,1780794882.4027152,0.22281564164316703,0.7322705022763395
1780794882.4317272,1780794882.4382448,0.24995390460902056,0.7594550154189909
1780794882.4317272,1780794882.4382448,0.24995390460902056,0.7594550154189909
1780794882.4317272,1780794882.4382448,0.24995390460902056,0.7594550154189909
1780794882.4617395,1780794882.4683235,0.2767060203853413,0.7862527232837192
1780794882.4617395,1780794882.4683235,0.2767060203853413,0.7862527232837192
1780794882.4617395,1780794882.4683235,0.2767060203853413,0.7862527232837192
1780794882.4922142,1780794882.4924676,0.3038702106803765,0.8134632079420043
1780794882.4922142,1780794882.4924676,0.3038702106803765,0.8134632079420043
1780794882.4922142,1780794882.4924676,0.3038702106803765,0.8134632079420043
1780794882.4922142,1780794882.4924676,0.3038702106803765,0.8134632079420043
1780794882.531719,1780794882.5324004,0.33908356157175384,0.8487365709169264
1780794882.531719,1780794882.5324004,0.33908356157175384,0.8487365709169264
1780794882.531719,1780794882.5324004,0.33908356157175384,0.8487365709169264
1780794882.5612345,1780794882.5626907,0.3653927875610706,0.8750906342031236
1780794882.5612345,1780794882.5626907,0.3653927875610706,0.8750906342031236
1780794882.5612345,1780794882.5626907,0.3653927875610706,0.8750906342031236
1780794882.5915964,1780794882.5929425,0.39245645632575404,0.9022004260180089
1780794882.5915964,1780794882.5929425,0.39245645632575404,0.9022004260180089
1780794882.5915964,1780794882.5929425,0.39245645632575404,0.9022004260180089
1780794882.6211107,1780794882.622462,0.41876461971961254,0.9285534248978277
1780794882.6211107,1780794882.622462,0.41876461971961254,0.9285534248978277
1780794882.6211107,1780794882.622462,0.41876461971961254,0.9285534248978277
1780794882.6516247,1780794882.6582253,0.44596387566477036,0.955799034966601
1780794882.6516247,1780794882.6582253,0.44596387566477036,0.955799034966601
1780794882.6516247,1780794882.6582253,0.44596387566477036,0.955799034966601
1780794882.6812534,1780794882.6823926,0.47237404822262213,0.9822542168587495
1780794882.6812534,1780794882.6823926,0.47237404822262213,0.9822542168587495
1780794882.6812534,1780794882.6823926,0.47237404822262213,0.9822542168587495
1780794882.6812534,1780794882.6823926,0.47237404822262213,0.9822542168587495
1780794882.6812534,1780794882.6823926,0.47237404822262213,0.9822542168587495
1780794882.7307696,1780794882.7331069,0.5165112882915838,0.016675917607877868
1780794882.7307696,1780794882.7331069,0.5165112882915838,0.016675917607877868
1780794882.7307696,1780794882.7331069,0.5165112882915838,0.016675917607877868
1780794882.7610786,1780794882.7623985,0.5435277778179203,0.04368822680641857
1780794882.7610786,1780794882.7623985,0.5435277778179203,0.04368822680641857
1780794882.7610786,1780794882.7623985,0.5435277778179203,0.04368822680641857
1780794882.7916703,1780794882.7983518,0.5707963149869569,0.07095254464770828
1780794882.7916703,1780794882.7983518,0.5707963149869569,0.07095254464770828
1780794882.7916703,1780794882.7983518,0.5707963149869569,0.07095254464770828
1780794882.7916703,1780794882.7983518,0.5707963149869569,0.07095254464770828
1780794882.7916703,1780794882.7983518,0.5707963149869569,0.07095254464770828
1780794882.842186,1780794882.8424728,0.6158244350881262,0.1159736974372336
1780794882.842186,1780794882.8424728,0.6158244350881262,0.1159736974372336
1780794882.842186,1780794882.8424728,0.6158244350881262,0.1159736974372336
1780794882.872641,1780794882.872406,0.6429711988176459,0.14311626068130984
1780794882.872641,1780794882.872406,0.6429711988176459,0.14311626068130984
1780794882.872641,1780794882.872406,0.6429711988176459,0.14311626068130984
1780794882.9011216,1780794882.9027202,0.6683578794300986,0.16849901315030397
1780794882.9011216,1780794882.9027202,0.6683578794300986,0.16849901315030397
1780794882.9011216,1780794882.9027202,0.6683578794300986,0.16849901315030397
1780794882.931744,1780794882.9324,0.6956538315619584,0.1957907417124323
1780794882.931744,1780794882.9324,0.6956538315619584,0.1957907417124323
1780794882.931744,1780794882.9324,0.6956538315619584,0.1957907417124323
1780794882.9615903,1780794882.9683425,0.7222578215313973,0.22239061518114514
1780794882.9615903,1780794882.9683425,0.7222578215313973,0.22239061518114514
1780794882.9615903,1780794882.9683425,0.7222578215313973,0.22239061518114514
1780794882.9922612,1780794882.992717,0.7495969150388626,0.24972547844350793
1780794882.9922612,1780794882.992717,0.7495969150388626,0.24972547844350793
1780794882.9922612,1780794882.992717,0.7495969150388626,0.24972547844350793
1780794883.021687,1780794883.022395,0.7758262338497179,0.27595073872742604
1780794883.021687,1780794883.022395,0.7758262338497179,0.27595073872742604
1780794883.021687,1780794883.022395,0.7758262338497179,0.27595073872742604
1780794883.021687,1780794883.022395,0.7758262338497179,0.27595073872742604
1780794883.0616887,1780794883.0628932,0.8114824745280993,0.31160146222809043
1780794883.0616887,1780794883.0628932,0.8114824745280993,0.31160146222809043
1780794883.0616887,1780794883.0628932,0.8114824745280993,0.31160146222809043
1780794883.0908935,1780794883.0925794,0.8375147881409927,0.3376297477971449
1780794883.0908935,1780794883.0925794,0.8375147881409927,0.3376297477971449
1780794883.0908935,1780794883.0925794,0.8375147881409927,0.3376297477971449
1780794883.12141,1780794883.1286523,0.8647161692770671,0.3648269199966903
1780794883.12141,1780794883.1286523,0.8647161692770671,0.3648269199966903
1780794883.12141,1780794883.1286523,0.8647161692770671,0.3648269199966903
1780794883.151923,1780794883.1583028,0.8919145751458583,0.39202111738932305
1780794883.151923,1780794883.1583028,0.8919145751458583,0.39202111738932305
1780794883.151923,1780794883.1583028,0.8919145751458583,0.39202111738932305
1780794883.1817806,1780794883.1890965,0.9185287660316965,0.41863119019602235
1780794883.1817806,1780794883.1890965,0.9185287660316965,0.41863119019602235
1780794883.1817806,1780794883.1890965,0.9185287660316965,0.41863119019602235
1780794883.2114394,1780794883.2123904,0.9449657159950965,0.4450640495052068
1780794883.2114394,1780794883.2123904,0.9449657159950965,0.4450640495052068
1780794883.2114394,1780794883.2123904,0.9449657159950965,0.4450640495052068
1780794883.2114394,1780794883.2123904,0.9449657159950965,0.4450640495052068
1780794883.250955,1780794883.2523932,0.9801888427646899,0.4802817261138623
1780794883.250955,1780794883.2523932,0.9801888427646899,0.4802817261138623
1780794883.250955,1780794883.2523932,0.9801888427646899,0.4802817261138623
1780794883.281469,1780794883.282402,1.0073880987098476,0.5074767734513272
1780794883.281469,1780794883.282402,1.0073880987098476,0.5074767734513272
1780794883.281469,1780794883.282402,1.0073880987098476,0.5074767734513272
1780794883.310817,1780794883.313027,0.008003452592639678,0.5336325507452125
1780794883.310817,1780794883.313027,0.008003452592639678,0.5336325507452125
1780794883.310817,1780794883.313027,0.008003452592639678,0.5336325507452125
1780794883.341461,1780794883.342447,0.03521874868587154,0.5609434030660655
1780794883.341461,1780794883.342447,0.03521874868587154,0.5609434030660655
1780794883.341461,1780794883.342447,0.03521874868587154,0.5609434030660655
1780794883.3722277,1780794883.3789017,0.06254309229709931,0.588363685784065
1780794883.3722277,1780794883.3789017,0.06254309229709931,0.588363685784065
1780794883.3722277,1780794883.3789017,0.06254309229709931,0.588363685784065
1780794883.4018452,1780794883.4082346,0.08884683583698672,0.6147597849792564
1780794883.4018452,1780794883.4082346,0.08884683583698672,0.6147597849792564
1780794883.4018452,1780794883.4082346,0.08884683583698672,0.6147597849792564
1780794883.4321373,1780794883.4324057,0.11574959962621476,0.6417570076570255
1780794883.4321373,1780794883.4324057,0.11574959962621476,0.6417570076570255
1780794883.4321373,1780794883.4324057,0.11574959962621476,0.6417570076570255
1780794883.4620469,1780794883.4683197,0.14231272803900505,0.66841340245708
1780794883.4620469,1780794883.4683197,0.14231272803900505,0.66841340245708
1780794883.4620469,1780794883.4683197,0.14231272803900505,0.66841340245708
1780794883.4620469,1780794883.4683197,0.14231272803900505,0.66841340245708
1780794883.500819,1780794883.5024717,0.1767467580808128,0.702968334582823
1780794883.500819,1780794883.5024717,0.1767467580808128,0.702968334582823
1780794883.500819,1780794883.5024717,0.1767467580808128,0.702968334582823
1780794883.5303333,1780794883.5324051,0.20295881700848228,0.7292724272499284
1780794883.5303333,1780794883.5324051,0.20295881700848228,0.7292724272499284
1780794883.5303333,1780794883.5324051,0.20295881700848228,0.7292724272499284
1780794883.5616772,1780794883.5700603,0.23079578982566754,0.7572071390776204
1780794883.5616772,1780794883.5700603,0.23079578982566754,0.7572071390776204
1780794883.5616772,1780794883.5700603,0.23079578982566754,0.7572071390776204
1780794883.5912366,1780794883.598463,0.25704786813372776,0.7835513916380473
1780794883.5912366,1780794883.598463,0.25704786813372776,0.7835513916380473
1780794883.5912366,1780794883.598463,0.25704786813372776,0.7835513916380473
1780794883.5912366,1780794883.598463,0.25704786813372776,0.7835513916380473
1780794883.5912366,1780794883.598463,0.25704786813372776,0.7835513916380473
1780794883.6417525,1780794883.6429045,0.30191171097927255,0.8285727569137806
1780794883.6417525,1780794883.6429045,0.30191171097927255,0.8285727569137806
1780794883.6417525,1780794883.6429045,0.30191171097927255,0.8285727569137806
1780794883.6712675,1780794883.6723943,0.3281244051352022,0.85487748703951
1780794883.6712675,1780794883.6723943,0.3281244051352022,0.85487748703951
1780794883.6712675,1780794883.6723943,0.3281244051352022,0.85487748703951
1780794883.7010207,1780794883.7092087,0.3545486303017686,0.8813944908870828
1780794883.7010207,1780794883.7092087,0.3545486303017686,0.8813944908870828
1780794883.7010207,1780794883.7092087,0.3545486303017686,0.8813944908870828
1780794883.7010207,1780794883.7092087,0.3545486303017686,0.8813944908870828
1780794883.7010207,1780794883.7092087,0.3545486303017686,0.8813944908870828
1780794883.7515364,1780794883.7524061,0.39941226140456,0.9264156436766081
1780794883.7515364,1780794883.7524061,0.39941226140456,0.9264156436766081
1780794883.7515364,1780794883.7524061,0.39941226140456,0.9264156436766081
1780794883.782346,1780794883.789136,0.426774718711398,0.9538741739120569
1780794883.782346,1780794883.789136,0.426774718711398,0.9538741739120569
1780794883.782346,1780794883.789136,0.426774718711398,0.9538741739120569
1780794883.8110895,1780794883.8128498,0.4523022133173572,0.9794912986685317
1780794883.8110895,1780794883.8128498,0.4523022133173572,0.9794912986685317
1780794883.8110895,1780794883.8128498,0.4523022133173572,0.9794912986685317
1780794883.842091,1780794883.8423975,0.47983512354067426,1.007120880301462
1780794883.842091,1780794883.8423975,0.47983512354067426,1.007120880301462
1780794883.842091,1780794883.8423975,0.47983512354067426,1.007120880301462
1780794883.871596,1780794883.8788393,0.5060389245009616,0.01776721650943553
1780794883.871596,1780794883.8788393,0.5060389245009616,0.01776721650943553
1780794883.871596,1780794883.8788393,0.5060389245009616,0.01776721650943553
1780794883.9021168,1780794883.902739,0.5331447495906907,0.045019010027556434
1780794883.9021168,1780794883.902739,0.5331447495906907,0.045019010027556434
1780794883.9021168,1780794883.902739,0.5331447495906907,0.045019010027556434
1780794883.9021168,1780794883.902739,0.5331447495906907,0.045019010027556434
1780794883.9412403,1780794883.9424896,0.5678908884509954,0.07995226140944396
1780794883.9412403,1780794883.9424896,0.5678908884509954,0.07995226140944396
1780794883.9412403,1780794883.9424896,0.5678908884509954,0.07995226140944396
1780794883.971798,1780794883.9724057,0.5950295336675001,0.10723705179503386
1780794883.971798,1780794883.9724057,0.5950295336675001,0.10723705179503386
1780794883.971798,1780794883.9724057,0.5950295336675001,0.10723705179503386
1780794884.0012572,1780794884.008569,0.6211926800191365,0.1335410901262388
1780794884.0012572,1780794884.008569,0.6211926800191365,0.1335410901262388
1780794884.0012572,1780794884.008569,0.6211926800191365,0.1335410901262388
1780794884.0317605,1780794884.03239,0.6482830478878682,0.16077734318419687
1780794884.0317605,1780794884.03239,0.6482830478878682,0.16077734318419687
1780794884.0317605,1780794884.03239,0.6482830478878682,0.16077734318419687
1780794884.0614383,1780794884.0624115,0.6746403623443633,0.1872765952410087
1780794884.0614383,1780794884.0624115,0.6746403623443633,0.1872765952410087
1780794884.0614383,1780794884.0624115,0.6746403623443633,0.1872765952410087
1780794884.0910635,1780794884.0927198,0.7009508816523592,0.21372880015130025
1780794884.0910635,1780794884.0927198,0.7009508816523592,0.21372880015130025
1780794884.0910635,1780794884.0927198,0.7009508816523592,0.21372880015130025
1780794884.0910635,1780794884.0927198,0.7009508816523592,0.21372880015130025
1780794884.131463,1780794884.1408544,0.7368302677288079,0.24980140143443985
1780794884.131463,1780794884.1408544,0.7368302677288079,0.24980140143443985
1780794884.131463,1780794884.1408544,0.7368302677288079,0.24980140143443985
1780794884.1610873,1780794884.162959,0.7631399400657902,0.27625275481266764
1780794884.1610873,1780794884.162959,0.7631399400657902,0.27625275481266764
1780794884.1610873,1780794884.162959,0.7631399400657902,0.27625275481266764
1780794884.191421,1780794884.199184,0.7900797588368615,0.3033376480463002
1780794884.191421,1780794884.199184,0.7900797588368615,0.3033376480463002
1780794884.191421,1780794884.199184,0.7900797588368615,0.3033376480463002
1780794884.221022,1780794884.2223918,0.8163686803840116,0.329768138888967
1780794884.221022,1780794884.2223918,0.8163686803840116,0.329768138888967
1780794884.221022,1780794884.2223918,0.8163686803840116,0.329768138888967
1780794884.2513835,1780794884.252387,0.8433332730572296,0.3568779394354632
1780794884.2513835,1780794884.252387,0.8433332730572296,0.3568779394354632
1780794884.2513835,1780794884.252387,0.8433332730572296,0.3568779394354632
1780794884.2811878,1780794884.2824008,0.8698028111730214,0.3834900194907174
1780794884.2811878,1780794884.2824008,0.8698028111730214,0.3834900194907174
1780794884.2811878,1780794884.2824008,0.8698028111730214,0.3834900194907174
1780794884.3112817,1780794884.3129554,0.8965296167341823,0.4103607524103254
1780794884.3112817,1780794884.3129554,0.8965296167341823,0.4103607524103254
1780794884.3112817,1780794884.3129554,0.8965296167341823,0.4103607524103254
1780794884.3112817,1780794884.3129554,0.8965296167341823,0.4103607524103254
1780794884.3506658,1780794884.3524172,0.9315071904239425,0.44552668492862335
1780794884.3506658,1780794884.3524172,0.9315071904239425,0.44552668492862335
1780794884.3506658,1780794884.3524172,0.9315071904239425,0.44552668492862335
1780794884.3811815,1780794884.3824124,0.9586085689158504,0.47277400790340973
1780794884.3811815,1780794884.3824124,0.9586085689158504,0.47277400790340973
1780794884.3811815,1780794884.3824124,0.9586085689158504,0.47277400790340973
1780794884.4105906,1780794884.4130602,0.9847272492892749,0.4990333408012696
1780794884.4105906,1780794884.4130602,0.9847272492892749,0.4990333408012696
1780794884.4105906,1780794884.4130602,0.9847272492892749,0.4990333408012696
1780794884.4105906,1780794884.4130602,0.9847272492892749,0.4990333408012696
1780794884.4105906,1780794884.4130602,0.9847272492892749,0.4990333408012696
1780794884.461106,1780794884.4683878,0.0448768252649005,0.5441383555672613
1780794884.461106,1780794884.4683878,0.0448768252649005,0.5441383555672613
1780794884.461106,1780794884.4683878,0.0448768252649005,0.5441383555672613
1780794884.4926221,1780794884.493028,0.07287504016371758,0.5722789356768858
1780794884.4926221,1780794884.493028,0.07287504016371758,0.5722789356768858
1780794884.4926221,1780794884.493028,0.07287504016371758,0.5722789356768858
1780794884.5231173,1780794884.5228477,0.09996630166134292,0.5995079507123023
1780794884.5231173,1780794884.5228477,0.09996630166134292,0.5995079507123023
1780794884.5231173,1780794884.5228477,0.09996630166134292,0.5995079507123023
1780794884.5516315,1780794884.5530703,0.1252976668930873,0.6249681207683647
1780794884.5516315,1780794884.5530703,0.1252976668930873,0.6249681207683647
1780794884.5516315,1780794884.5530703,0.1252976668930873,0.6249681207683647
1780794884.5816338,1780794884.5824337,0.15195112533600377,0.6517571066098559
1780794884.5816338,1780794884.5824337,0.15195112533600377,0.6517571066098559
1780794884.5816338,1780794884.5824337,0.15195112533600377,0.6517571066098559
1780794884.61135,1780794884.618684,0.17835041654832004,0.6782906328322323
1780794884.61135,1780794884.618684,0.17835041654832004,0.6782906328322323
1780794884.61135,1780794884.618684,0.17835041654832004,0.6782906328322323
1780794884.6419811,1780794884.6430266,0.2055624074804805,0.7056409911867283
1780794884.6419811,1780794884.6430266,0.2055624074804805,0.7056409911867283
1780794884.6419811,1780794884.6430266,0.2055624074804805,0.7056409911867283
1780794884.6419811,1780794884.6430266,0.2055624074804805,0.7056409911867283
1780794884.6817064,1780794884.6828687,0.2408535274493196,0.7411115593008207
1780794884.6817064,1780794884.6828687,0.2408535274493196,0.7411115593008207
1780794884.6817064,1780794884.6828687,0.2408535274493196,0.7411115593008207
1780794884.7112222,1780794884.7188435,0.2670746897941902,0.7674660509068009
1780794884.7112222,1780794884.7188435,0.2670746897941902,0.7674660509068009
1780794884.7112222,1780794884.7188435,0.2670746897941902,0.7674660509068009
1780794884.7419758,1780794884.748562,0.2943955490234577,0.7949258311314844
1780794884.7419758,1780794884.748562,0.2943955490234577,0.7949258311314844
1780794884.7419758,1780794884.748562,0.2943955490234577,0.7949258311314844
1780794884.7419758,1780794884.748562,0.2943955490234577,0.7949258311314844
1780794884.7419758,1780794884.748562,0.2943955490234577,0.7949258311314844
1780794884.7912583,1780794884.7924714,0.3381771253304968,0.8389300278221072
1780794884.7912583,1780794884.7924714,0.3381771253304968,0.8389300278221072
1780794884.7912583,1780794884.7924714,0.3381771253304968,0.8389300278221072
1780794884.8218913,1780794884.8227084,0.36539081071086127,0.8662820892407307
1780794884.8218913,1780794884.8227084,0.36539081071086127,0.8662820892407307
1780794884.8218913,1780794884.8227084,0.36539081071086127,0.8662820892407307
1780794884.851428,1780794884.8523989,0.3916306119859759,0.8926553145521126
1780794884.851428,1780794884.8523989,0.3916306119859759,0.8926553145521126
1780794884.851428,1780794884.8523989,0.3916306119859759,0.8926553145521126
1780794884.8809278,1780794884.8832183,0.417837583327138,0.9189955429960254
1780794884.8809278,1780794884.8832183,0.417837583327138,0.9189955429960254
1780794884.8809278,1780794884.8832183,0.417837583327138,0.9189955429960254
1780794884.8809278,1780794884.8832183,0.417837583327138,0.9189955429960254
1780794884.8809278,1780794884.8832183,0.417837583327138,0.9189955429960254
1780794884.8809278,1780794884.8832183,0.417837583327138,0.9189955429960254
1780794884.8809278,1780794884.8832183,0.417837583327138,0.9189955429960254
1780794884.8809278,1780794884.8832183,0.417837583327138,0.9189955429960254
1780794884.8809278,1780794884.8832183,0.417837583327138,0.9189955429960254
1780794884.8809278,1780794884.8832183,0.417837583327138,0.9189955429960254
1780794884.8809278,1780794884.8832183,0.417837583327138,0.9189955429960254
1780794884.8809278,1780794884.8832183,0.417837583327138,0.9189955429960254
1780794884.8809278,1780794884.8832183,0.417837583327138,0.9189955429960254
1780794884.8809278,1780794884.8832183,0.417837583327138,0.9189955429960254
1780794884.8809278,1780794884.8832183,0.417837583327138,0.9189955429960254
1780794884.8809278,1780794884.8832183,0.417837583327138,0.9189955429960254
1780794884.8809278,1780794884.8832183,0.417837583327138,0.9189955429960254
1780794884.8809278,1780794884.8832183,0.417837583327138,0.9189955429960254
1780794884.8809278,1780794884.8832183,0.417837583327138,0.9189955429960254
1780794884.8809278,1780794884.8832183,0.417837583327138,0.9189955429960254
1780794884.8809278,1780794884.8832183,0.417837583327138,0.9189955429960254
1780794884.8809278,1780794884.8832183,0.417837583327138,0.9189955429960254
1780794884.8809278,1780794884.8832183,0.417837583327138,0.9189955429960254
1780794884.8809278,1780794884.8832183,0.417837583327138,0.9189955429960254
1780794884.8809278,1780794884.8832183,0.417837583327138,0.9189955429960254
1780794884.8809278,1780794884.8832183,0.417837583327138,0.9189955429960254
1780794884.8809278,1780794884.8832183,0.417837583327138,0.9189955429960254
1780794884.8809278,1780794884.8832183,0.417837583327138,0.9189955429960254
1780794884.8809278,1780794884.8832183,0.417837583327138,0.9189955429960254
1780794884.8809278,1780794884.8832183,0.417837583327138,0.9189955429960254
1780794884.8809278,1780794884.8832183,0.417837583327138,0.9189955429960254
1780794884.8809278,1780794884.8832183,0.417837583327138,0.9189955429960254
1780794884.8809278,1780794884.8832183,0.417837583327138,0.9189955429960254
1780794884.8809278,1780794884.8832183,0.417837583327138,0.9189955429960254
1780794884.8809278,1780794884.8832183,0.417837583327138,0.9189955429960254
1780794884.8809278,1780794884.8832183,0.417837583327138,0.9189955429960254
1780794884.8809278,1780794884.8832183,0.417837583327138,0.9189955429960254
1780794884.8809278,1780794884.8832183,0.417837583327138,0.9189955429960254
1780794884.8809278,1780794884.8832183,0.417837583327138,0.9189955429960254
1780794884.8809278,1780794884.8832183,0.417837583327138,0.9189955429960254
1780794884.8809278,1780794884.8832183,0.417837583327138,0.9189955429960254
1780794884.8809278,1780794884.8832183,0.417837583327138,0.9189955429960254
1780794884.8809278,1780794884.8832183,0.417837583327138,0.9189955429960254
1780794884.8809278,1780794884.8832183,0.417837583327138,0.9189955429960254
1780794884.8809278,1780794884.8832183,0.417837583327138,0.9189955429960254
1780794884.8809278,1780794884.8832183,0.417837583327138,0.9189955429960254
1780794884.8809278,1780794884.8832183,0.417837583327138,0.9189955429960254
1780794884.8809278,1780794884.8832183,0.417837583327138,0.9189955429960254
1780794884.8809278,1780794884.8832183,0.417837583327138,0.9189955429960254
1780794884.8809278,1780794884.8832183,0.417837583327138,0.9189955429960254
1780794884.8809278,1780794884.8832183,0.417837583327138,0.9189955429960254
1780794884.8809278,1780794884.8832183,0.417837583327138,0.9189955429960254
1780794884.8809278,1780794884.8832183,0.417837583327138,0.9189955429960254
1780794884.8809278,1780794884.8832183,0.417837583327138,0.9189955429960254
1780794884.8809278,1780794884.8832183,0.417837583327138,0.9189955429960254
1780794884.8809278,1780794884.8832183,0.417837583327138,0.9189955429960254
1780794884.8809278,1780794884.8832183,0.417837583327138,0.9189955429960254
1780794884.8809278,1780794884.8832183,0.417837583327138,0.9189955429960254
1780794884.8809278,1780794884.8832183,0.417837583327138,0.9189955429960254
1780794884.8809278,1780794884.8832183,0.417837583327138,0.9189955429960254
1780794884.8809278,1780794884.8832183,0.417837583327138,0.9189955429960254
1780794884.8809278,1780794884.8832183,0.417837583327138,0.9189955429960254
1780794884.8809278,1780794884.8832183,0.417837583327138,0.9189955429960254
1780794884.8809278,1780794884.8832183,0.417837583327138,0.9189955429960254
1780794884.8809278,1780794884.8832183,0.417837583327138,0.9189955429960254
1780794884.8809278,1780794884.8832183,0.417837583327138,0.9189955429960254
1780794884.8809278,1780794884.8832183,0.417837583327138,0.9189955429960254
1780794884.8809278,1780794884.8832183,0.417837583327138,0.9189955429960254
1780794884.8809278,1780794884.8832183,0.417837583327138,0.9189955429960254
1780794884.8809278,1780794884.8832183,0.417837583327138,0.9189955429960254
1780794884.8809278,1780794884.8832183,0.417837583327138,0.9189955429960254
1780794884.8809278,1780794884.8832183,0.417837583327138,0.9189955429960254
1780794884.8809278,1780794884.8832183,0.417837583327138,0.9189955429960254
1780794884.8809278,1780794884.8832183,0.417837583327138,0.9189955429960254
1780794884.8809278,1780794884.8832183,0.417837583327138,0.9189955429960254
1780794884.8809278,1780794884.8832183,0.417837583327138,0.9189955429960254
1780794884.8809278,1780794884.8832183,0.417837583327138,0.9189955429960254
1780794884.8809278,1780794884.8832183,0.417837583327138,0.9189955429960254
1780794884.8809278,1780794884.8832183,0.417837583327138,0.9189955429960254
1780794884.8809278,1780794884.8832183,0.417837583327138,0.9189955429960254
1780794884.8809278,1780794884.8832183,0.417837583327138,0.9189955429960254
1780794884.8809278,1780794884.8832183,0.417837583327138,0.9189955429960254
1780794884.8809278,1780794884.8832183,0.417837583327138,0.9189955429960254
1780794884.8809278,1780794884.8832183,0.417837583327138,0.9189955429960254
1780794884.8809278,1780794884.8832183,0.417837583327138,0.9189955429960254
1780794884.8809278,1780794884.8832183,0.417837583327138,0.9189955429960254
1780794884.8809278,1780794884.8832183,0.417837583327138,0.9189955429960254
1780794884.8809278,1780794884.8832183,0.417837583327138,0.9189955429960254
1780794884.8809278,1780794884.8832183,0.417837583327138,0.9189955429960254
1780794884.8809278,1780794884.8832183,0.417837583327138,0.9189955429960254
1780794884.8809278,1780794884.8832183,0.417837583327138,0.9189955429960254
1780794884.8809278,1780794884.8832183,0.417837583327138,0.9189955429960254
1780794884.8809278,1780794884.8832183,0.417837583327138,0.9189955429960254
1780794884.8809278,1780794884.8832183,0.417837583327138,0.9189955429960254
1780794884.8809278,1780794884.8832183,0.417837583327138,0.9189955429960254
1780794884.8809278,1780794884.8832183,0.417837583327138,0.9189955429960254
1780794884.8809278,1780794884.8832183,0.417837583327138,0.9189955429960254
1780794884.8809278,1780794884.8832183,0.417837583327138,0.9189955429960254
1780794884.8809278,1780794884.8832183,0.417837583327138,0.9189955429960254
1780794884.8809278,1780794884.8832183,0.417837583327138,0.9189955429960254
1780794884.8809278,1780794884.8832183,0.417837583327138,0.9189955429960254
1780794884.8809278,1780794884.8832183,0.417837583327138,0.9189955429960254
1780794884.8809278,1780794884.8832183,0.417837583327138,0.9189955429960254
1780794884.8809278,1780794884.8832183,0.417837583327138,0.9189955429960254
1780794884.8809278,1780794884.8832183,0.417837583327138,0.9189955429960254
1780794884.8809278,1780794884.8832183,0.417837583327138,0.9189955429960254
1780794884.8809278,1780794884.8832183,0.417837583327138,0.9189955429960254
1780794884.8809278,1780794884.8832183,0.417837583327138,0.9189955429960254
1780794884.8809278,1780794884.8832183,0.417837583327138,0.9189955429960254
1780794884.8809278,1780794884.8832183,0.417837583327138,0.9189955429960254
1780794884.8809278,1780794884.8832183,0.417837583327138,0.9189955429960254
1780794884.8809278,1780794884.8832183,0.417837583327138,0.9189955429960254
1780794884.8809278,1780794884.8832183,0.417837583327138,0.9189955429960254
1780794884.8809278,1780794884.8832183,0.417837583327138,0.9189955429960254
1780794884.8809278,1780794884.8832183,0.417837583327138,0.9189955429960254
1780794884.8809278,1780794884.8832183,0.417837583327138,0.9189955429960254
1780794884.8809278,1780794884.8832183,0.417837583327138,0.9189955429960254
1780794884.8809278,1780794884.8832183,0.417837583327138,0.9189955429960254
1780794884.8809278,1780794884.8832183,0.417837583327138,0.9189955429960254
1780794884.8809278,1780794884.8832183,0.417837583327138,0.9189955429960254
1780794884.8809278,1780794884.8832183,0.417837583327138,0.9189955429960254
1780794884.8809278,1780794884.8832183,0.417837583327138,0.9189955429960254
1780794884.8809278,1780794884.8832183,0.417837583327138,0.9189955429960254
1780794884.8809278,1780794884.8832183,0.417837583327138,0.9189955429960254
1780794884.8809278,1780794884.8832183,0.417837583327138,0.9189955429960254
1780794884.8809278,1780794884.8832183,0.417837583327138,0.9189955429960254
1780794884.8809278,1780794884.8832183,0.417837583327138,0.9189955429960254
1780794884.8809278,1780794884.8832183,0.417837583327138,0.9189955429960254
1780794884.8809278,1780794884.8832183,0.417837583327138,0.9189955429960254
1780794884.8809278,1780794884.8832183,0.417837583327138,0.9189955429960254
1780794884.8809278,1780794884.8832183,0.417837583327138,0.9189955429960254
1780794884.8809278,1780794884.8832183,0.417837583327138,0.9189955429960254
1780794884.8809278,1780794884.8832183,0.417837583327138,0.9189955429960254
1780794884.8809278,1780794884.8832183,0.417837583327138,0.9189955429960254
1780794884.8809278,1780794884.8832183,0.417837583327138,0.9189955429960254
1780794884.8809278,1780794884.8832183,0.417837583327138,0.9189955429960254
1780794884.8809278,1780794884.8832183,0.417837583327138,0.9189955429960254
1780794884.8809278,1780794884.8832183,0.417837583327138,0.9189955429960254
1780794884.8809278,1780794884.8832183,0.417837583327138,0.9189955429960254
1780794884.8809278,1780794884.8832183,0.417837583327138,0.9189955429960254
1780794884.8809278,1780794884.8832183,0.417837583327138,0.9189955429960254
1780794884.8809278,1780794884.8832183,0.417837583327138,0.9189955429960254
1780794884.8809278,1780794884.8832183,0.417837583327138,0.9189955429960254
1780794884.8809278,1780794884.8832183,0.417837583327138,0.9189955429960254
1780794884.8809278,1780794884.8832183,0.417837583327138,0.9189955429960254
1780794884.8809278,1780794884.8832183,0.417837583327138,0.9189955429960254
1780794884.8809278,1780794884.8832183,0.417837583327138,0.9189955429960254
1780794884.8809278,1780794884.8832183,0.417837583327138,0.9189955429960254
1780794884.8809278,1780794884.8832183,0.417837583327138,0.9189955429960254
1780794884.8809278,1780794884.8832183,0.417837583327138,0.9189955429960254
1780794884.8809278,1780794884.8832183,0.417837583327138,0.9189955429960254
1780794884.8809278,1780794884.8832183,0.417837583327138,0.9189955429960254
1780794884.8809278,1780794884.8832183,0.417837583327138,0.9189955429960254
1780794884.8809278,1780794884.8832183,0.417837583327138,0.9189955429960254
1780794884.8809278,1780794884.8832183,0.417837583327138,0.9189955429960254
1780794884.8809278,1780794884.8832183,0.417837583327138,0.9189955429960254
1780794884.8809278,1780794884.8832183,0.417837583327138,0.9189955429960254
1780794884.8809278,1780794884.8832183,0.417837583327138,0.9189955429960254
1780794884.8809278,1780794884.8832183,0.417837583327138,0.9189955429960254
1780794884.8809278,1780794884.8832183,0.417837583327138,0.9189955429960254
1780794884.8809278,1780794884.8832183,0.417837583327138,0.9189955429960254
1780794884.8809278,1780794884.8832183,0.417837583327138,0.9189955429960254
1780794884.8809278,1780794884.8832183,0.417837583327138,0.9189955429960254
1780794884.8809278,1780794884.8832183,0.417837583327138,0.9189955429960254
1780794884.8809278,1780794884.8832183,0.417837583327138,0.9189955429960254
1780794884.8809278,1780794884.8832183,0.417837583327138,0.9189955429960254
1780794884.8809278,1780794884.8832183,0.417837583327138,0.9189955429960254
1780794884.8809278,1780794884.8832183,0.417837583327138,0.9189955429960254
1780794884.8809278,1780794884.8832183,0.417837583327138,0.9189955429960254
1780794884.8809278,1780794884.8832183,0.417837583327138,0.9189955429960254
1780794884.8809278,1780794884.8832183,0.417837583327138,0.9189955429960254
1780794884.8809278,1780794884.8832183,0.417837583327138,0.9189955429960254
1780794884.8809278,1780794884.8832183,0.417837583327138,0.9189955429960254
1780794884.8809278,1780794884.8832183,0.417837583327138,0.9189955429960254
1780794884.8809278,1780794884.8832183,0.417837583327138,0.9189955429960254
1780794884.8809278,1780794884.8832183,0.417837583327138,0.9189955429960254
1780794884.8809278,1780794884.8832183,0.417837583327138,0.9189955429960254
1780794884.8809278,1780794884.8832183,0.417837583327138,0.9189955429960254
1780794884.8809278,1780794884.8832183,0.417837583327138,0.9189955429960254
1780794884.8809278,1780794884.8832183,0.417837583327138,0.9189955429960254
1780794884.8809278,1780794884.8832183,0.417837583327138,0.9189955429960254
1780794884.8809278,1780794884.8832183,0.417837583327138,0.9189955429960254
1780794884.8809278,1780794884.8832183,0.417837583327138,0.9189955429960254
1780794884.8809278,1780794884.8832183,0.417837583327138,0.9189955429960254
1780794884.8809278,1780794884.8832183,0.417837583327138,0.9189955429960254
1780794884.8809278,1780794884.8832183,0.417837583327138,0.9189955429960254
1780794884.8809278,1780794884.8832183,0.417837583327138,0.9189955429960254
1780794884.8809278,1780794884.8832183,0.417837583327138,0.9189955429960254
1780794884.8809278,1780794884.8832183,0.417837583327138,0.9189955429960254
1780794884.8809278,1780794884.8832183,0.417837583327138,0.9189955429960254
1780794884.8809278,1780794884.8832183,0.417837583327138,0.9189955429960254
1780794884.8809278,1780794884.8832183,0.417837583327138,0.9189955429960254
1780794884.8809278,1780794884.8832183,0.417837583327138,0.9189955429960254
1780794884.8809278,1780794884.8832183,0.417837583327138,0.9189955429960254
1780794884.8809278,1780794884.8832183,0.417837583327138,0.9189955429960254
1780794884.8809278,1780794884.8832183,0.417837583327138,0.9189955429960254
1780794884.8809278,1780794884.8832183,0.417837583327138,0.9189955429960254
1780794884.8809278,1780794884.8832183,0.417837583327138,0.9189955429960254
1780794884.8809278,1780794884.8832183,0.417837583327138,0.9189955429960254
1780794884.8809278,1780794884.8832183,0.417837583327138,0.9189955429960254
1780794884.8809278,1780794884.8832183,0.417837583327138,0.9189955429960254
1780794884.8809278,1780794884.8832183,0.417837583327138,0.9189955429960254
1780794884.8809278,1780794884.8832183,0.417837583327138,0.9189955429960254
1780794884.8809278,1780794884.8832183,0.417837583327138,0.9189955429960254
1780794884.8809278,1780794884.8832183,0.417837583327138,0.9189955429960254
1780794884.8809278,1780794884.8832183,0.417837583327138,0.9189955429960254
1780794884.8809278,1780794884.8832183,0.417837583327138,0.9189955429960254
1780794884.8809278,1780794884.8832183,0.417837583327138,0.9189955429960254
1780794884.8809278,1780794884.8832183,0.417837583327138,0.9189955429960254
1780794884.8809278,1780794884.8832183,0.417837583327138,0.9189955429960254
1780794884.8809278,1780794884.8832183,0.417837583327138,0.9189955429960254
1780794884.8809278,1780794884.8832183,0.417837583327138,0.9189955429960254
1780794884.8809278,1780794884.8832183,0.417837583327138,0.9189955429960254
1780794884.8809278,1780794884.8832183,0.417837583327138,0.9189955429960254
1780794884.8809278,1780794884.8832183,0.417837583327138,0.9189955429960254
1780794884.8809278,1780794884.8832183,0.417837583327138,0.9189955429960254
1780794884.8809278,1780794884.8832183,0.417837583327138,0.9189955429960254
1780794884.8809278,1780794884.8832183,0.417837583327138,0.9189955429960254
1780794884.8809278,1780794884.8832183,0.417837583327138,0.9189955429960254
1780794884.8809278,1780794884.8832183,0.417837583327138,0.9189955429960254
1780794884.8809278,1780794884.8832183,0.417837583327138,0.9189955429960254
1780794884.8809278,1780794884.8832183,0.417837583327138,0.9189955429960254
1780794884.8809278,1780794884.8832183,0.417837583327138,0.9189955429960254
1780794884.8809278,1780794884.8832183,0.417837583327138,0.9189955429960254
1780794884.8809278,1780794884.8832183,0.417837583327138,0.9189955429960254
1780794884.8809278,1780794884.8832183,0.417837583327138,0.9189955429960254
1780794884.8809278,1780794884.8832183,0.417837583327138,0.9189955429960254
1780794884.8809278,1780794884.8832183,0.417837583327138,0.9189955429960254
1780794884.8809278,1780794884.8832183,0.417837583327138,0.9189955429960254
1780794884.8809278,1780794884.8832183,0.417837583327138,0.9189955429960254
1780794884.8809278,1780794884.8832183,0.417837583327138,0.9189955429960254
1780794884.8809278,1780794884.8832183,0.417837583327138,0.9189955429960254
1780794884.8809278,1780794884.8832183,0.417837583327138,0.9189955429960254
1780794884.8809278,1780794884.8832183,0.417837583327138,0.9189955429960254
1780794884.8809278,1780794884.8832183,0.417837583327138,0.9189955429960254
1780794884.8809278,1780794884.8832183,0.417837583327138,0.9189955429960254
1780794884.8809278,1780794884.8832183,0.417837583327138,0.9189955429960254
1780794884.8809278,1780794884.8832183,0.417837583327138,0.9189955429960254
1780794884.8809278,1780794884.8832183,0.417837583327138,0.9189955429960254
1780794884.8809278,1780794884.8832183,0.417837583327138,0.9189955429960254
1780794884.8809278,1780794884.8832183,0.417837583327138,0.9189955429960254
1780794884.8809278,1780794884.8832183,0.417837583327138,0.9189955429960254
1780794884.8809278,1780794884.8832183,0.417837583327138,0.9189955429960254
1780794884.8809278,1780794884.8832183,0.417837583327138,0.9189955429960254
1780794884.8809278,1780794884.8832183,0.417837583327138,0.9189955429960254
1780794884.8809278,1780794884.8832183,0.417837583327138,0.9189955429960254
1780794884.8809278,1780794884.8832183,0.417837583327138,0.9189955429960254
1780794884.8809278,1780794884.8832183,0.417837583327138,0.9189955429960254
1780794884.8809278,1780794884.8832183,0.417837583327138,0.9189955429960254
1780794884.8809278,1780794884.8832183,0.417837583327138,0.9189955429960254
1780794884.8809278,1780794884.8832183,0.417837583327138,0.9189955429960254
1780794884.8809278,1780794884.8832183,0.417837583327138,0.9189955429960254
1780794884.8809278,1780794884.8832183,0.417837583327138,0.9189955429960254
1780794884.8809278,1780794884.8832183,0.417837583327138,0.9189955429960254
1780794884.8809278,1780794884.8832183,0.417837583327138,0.9189955429960254
1780794884.8809278,1780794884.8832183,0.417837583327138,0.9189955429960254
1780794884.8809278,1780794884.8832183,0.417837583327138,0.9189955429960254
1780794884.8809278,1780794884.8832183,0.417837583327138,0.9189955429960254
1780794884.8809278,1780794884.8832183,0.417837583327138,0.9189955429960254
1780794884.8809278,1780794884.8832183,0.417837583327138,0.9189955429960254
1780794884.8809278,1780794884.8832183,0.417837583327138,0.9189955429960254
1780794884.8809278,1780794884.8832183,0.417837583327138,0.9189955429960254
1780794884.8809278,1780794884.8832183,0.417837583327138,0.9189955429960254
1780794884.8809278,1780794884.8832183,0.417837583327138,0.9189955429960254
1780794884.8809278,1780794884.8832183,0.417837583327138,0.9189955429960254
1780794884.8809278,1780794884.8832183,0.417837583327138,0.9189955429960254
1780794884.8809278,1780794884.8832183,0.417837583327138,0.9189955429960254
1780794884.8809278,1780794884.8832183,0.417837583327138,0.9189955429960254
1780794884.8809278,1780794884.8832183,0.417837583327138,0.9189955429960254
1780794884.8809278,1780794884.8832183,0.417837583327138,0.9189955429960254
1780794884.8809278,1780794884.8832183,0.417837583327138,0.9189955429960254
1780794884.8809278,1780794884.8832183,0.417837583327138,0.9189955429960254
1780794884.8809278,1780794884.8832183,0.417837583327138,0.9189955429960254
1780794884.8809278,1780794884.8832183,0.417837583327138,0.9189955429960254
1780794884.8809278,1780794884.8832183,0.417837583327138,0.9189955429960254
1780794884.8809278,1780794884.8832183,0.417837583327138,0.9189955429960254
1780794884.8809278,1780794884.8832183,0.417837583327138,0.9189955429960254
1780794884.8809278,1780794884.8832183,0.417837583327138,0.9189955429960254
1780794884.8809278,1780794884.8832183,0.417837583327138,0.9189955429960254
1780794884.8809278,1780794884.8832183,0.417837583327138,0.9189955429960254
1780794884.8809278,1780794884.8832183,0.417837583327138,0.9189955429960254
1780794884.8809278,1780794884.8832183,0.417837583327138,0.9189955429960254
1780794884.8809278,1780794884.8832183,0.417837583327138,0.9189955429960254
1780794884.8809278,1780794884.8832183,0.417837583327138,0.9189955429960254
1780794884.8809278,1780794884.8832183,0.417837583327138,0.9189955429960254
1780794884.8809278,1780794884.8832183,0.417837583327138,0.9189955429960254
1780794884.8809278,1780794884.8832183,0.417837583327138,0.9189955429960254
1780794884.8809278,1780794884.8832183,0.417837583327138,0.9189955429960254
1780794884.8809278,1780794884.8832183,0.417837583327138,0.9189955429960254
1780794884.8809278,1780794884.8832183,0.417837583327138,0.9189955429960254
1780794884.8809278,1780794884.8832183,0.417837583327138,0.9189955429960254
1780794884.8809278,1780794884.8832183,0.417837583327138,0.9189955429960254
1780794884.8809278,1780794884.8832183,0.417837583327138,0.9189955429960254
1780794884.8809278,1780794884.8832183,0.417837583327138,0.9189955429960254
1780794884.8809278,1780794884.8832183,0.417837583327138,0.9189955429960254
1780794884.8809278,1780794884.8832183,0.417837583327138,0.9189955429960254
1780794884.8809278,1780794884.8832183,0.417837583327138,0.9189955429960254
1780794884.8809278,1780794884.8832183,0.417837583327138,0.9189955429960254
1780794884.8809278,1780794884.8832183,0.417837583327138,0.9189955429960254
1780794884.8809278,1780794884.8832183,0.417837583327138,0.9189955429960254
1780794884.8809278,1780794884.8832183,0.417837583327138,0.9189955429960254
1780794884.8809278,1780794884.8832183,0.417837583327138,0.9189955429960254
1780794884.8809278,1780794884.8832183,0.417837583327138,0.9189955429960254
1780794884.8809278,1780794884.8832183,0.417837583327138,0.9189955429960254
1780794884.8809278,1780794884.8832183,0.417837583327138,0.9189955429960254
1780794884.8809278,1780794884.8832183,0.417837583327138,0.9189955429960254
1780794884.8809278,1780794884.8832183,0.417837583327138,0.9189955429960254
1780794884.8809278,1780794884.8832183,0.417837583327138,0.9189955429960254
1780794884.8809278,1780794884.8832183,0.417837583327138,0.9189955429960254
1780794884.8809278,1780794884.8832183,0.417837583327138,0.9189955429960254
1780794884.8809278,1780794884.8832183,0.417837583327138,0.9189955429960254
1780794884.8809278,1780794884.8832183,0.417837583327138,0.9189955429960254
1780794884.8809278,1780794884.8832183,0.417837583327138,0.9189955429960254
1780794884.8809278,1780794884.8832183,0.417837583327138,0.9189955429960254
1780794884.8809278,1780794884.8832183,0.417837583327138,0.9189955429960254
1780794884.8809278,1780794884.8832183,0.417837583327138,0.9189955429960254
1780794884.8809278,1780794884.8832183,0.417837583327138,0.9189955429960254
1780794884.8809278,1780794884.8832183,0.417837583327138,0.9189955429960254
1780794884.8809278,1780794884.8832183,0.417837583327138,0.9189955429960254
1780794884.8809278,1780794884.8832183,0.417837583327138,0.9189955429960254
1780794884.8809278,1780794884.8832183,0.417837583327138,0.9189955429960254
1780794884.8809278,1780794884.8832183,0.417837583327138,0.9189955429960254
1780794884.8809278,1780794884.8832183,0.417837583327138,0.9189955429960254
1780794884.8809278,1780794884.8832183,0.417837583327138,0.9189955429960254
1780794884.8809278,1780794884.8832183,0.417837583327138,0.9189955429960254
1780794884.8809278,1780794884.8832183,0.417837583327138,0.9189955429960254
1780794884.8809278,1780794884.8832183,0.417837583327138,0.9189955429960254
1780794884.8809278,1780794884.8832183,0.417837583327138,0.9189955429960254
1780794884.8809278,1780794884.8832183,0.417837583327138,0.9189955429960254
1780794884.8809278,1780794884.8832183,0.417837583327138,0.9189955429960254
1780794884.8809278,1780794884.8832183,0.417837583327138,0.9189955429960254
1780794884.8809278,1780794884.8832183,0.417837583327138,0.9189955429960254
1780794884.8809278,1780794884.8832183,0.417837583327138,0.9189955429960254
1780794884.8809278,1780794884.8832183,0.417837583327138,0.9189955429960254
1780794884.8809278,1780794884.8832183,0.417837583327138,0.9189955429960254
1780794884.8809278,1780794884.8832183,0.417837583327138,0.9189955429960254
1780794884.8809278,1780794884.8832183,0.417837583327138,0.9189955429960254
1780794884.8809278,1780794884.8832183,0.417837583327138,0.9189955429960254
1780794884.8809278,1780794884.8832183,0.417837583327138,0.9189955429960254
1780794884.8809278,1780794884.8832183,0.417837583327138,0.9189955429960254
1780794884.8809278,1780794884.8832183,0.417837583327138,0.9189955429960254
1780794884.8809278,1780794884.8832183,0.417837583327138,0.9189955429960254
1780794884.8809278,1780794884.8832183,0.417837583327138,0.9189955429960254
1780794884.8809278,1780794884.8832183,0.417837583327138,0.9189955429960254
1780794884.8809278,1780794884.8832183,0.417837583327138,0.9189955429960254
1780794884.8809278,1780794884.8832183,0.417837583327138,0.9189955429960254
1780794884.8809278,1780794884.8832183,0.417837583327138,0.9189955429960254
1780794884.8809278,1780794884.8832183,0.417837583327138,0.9189955429960254
1780794884.8809278,1780794884.8832183,0.417837583327138,0.9189955429960254
1780794884.8809278,1780794884.8832183,0.417837583327138,0.9189955429960254
1780794884.8809278,1780794884.8832183,0.417837583327138,0.9189955429960254
1780794884.8809278,1780794884.8832183,0.417837583327138,0.9189955429960254
1780794884.8809278,1780794884.8832183,0.417837583327138,0.9189955429960254
1780794884.8809278,1780794884.8832183,0.417837583327138,0.9189955429960254
1780794884.8809278,1780794884.8832183,0.417837583327138,0.9189955429960254
1780794884.8809278,1780794884.8832183,0.417837583327138,0.9189955429960254
1780794884.8809278,1780794884.8832183,0.417837583327138,0.9189955429960254
1780794884.8809278,1780794884.8832183,0.417837583327138,0.9189955429960254
1780794884.8809278,1780794884.8832183,0.417837583327138,0.9189955429960254
1780794884.8809278,1780794884.8832183,0.417837583327138,0.9189955429960254
1780794884.8809278,1780794884.8832183,0.417837583327138,0.9189955429960254
1780794884.8809278,1780794884.8832183,0.417837583327138,0.9189955429960254
1780794884.8809278,1780794884.8832183,0.417837583327138,0.9189955429960254
1780794884.8809278,1780794884.8832183,0.417837583327138,0.9189955429960254
1780794884.8809278,1780794884.8832183,0.417837583327138,0.9189955429960254
1780794884.8809278,1780794884.8832183,0.417837583327138,0.9189955429960254
1780794884.8809278,1780794884.8832183,0.417837583327138,0.9189955429960254
1780794884.8809278,1780794884.8832183,0.417837583327138,0.9189955429960254
1780794884.8809278,1780794884.8832183,0.417837583327138,0.9189955429960254
1780794884.8809278,1780794884.8832183,0.417837583327138,0.9189955429960254
1780794884.8809278,1780794884.8832183,0.417837583327138,0.9189955429960254
1780794884.8809278,1780794884.8832183,0.417837583327138,0.9189955429960254
1780794884.8809278,1780794884.8832183,0.417837583327138,0.9189955429960254
1780794884.8809278,1780794884.8832183,0.417837583327138,0.9189955429960254
1780794884.8809278,1780794884.8832183,0.417837583327138,0.9189955429960254
1780794884.8809278,1780794884.8832183,0.417837583327138,0.9189955429960254
1780794884.8809278,1780794884.8832183,0.417837583327138,0.9189955429960254
1780794884.8809278,1780794884.8832183,0.417837583327138,0.9189955429960254
1780794884.8809278,1780794884.8832183,0.417837583327138,0.9189955429960254
1780794884.8809278,1780794884.8832183,0.417837583327138,0.9189955429960254
1780794884.8809278,1780794884.8832183,0.417837583327138,0.9189955429960254
1780794884.8809278,1780794884.8832183,0.417837583327138,0.9189955429960254
1780794884.8809278,1780794884.8832183,0.417837583327138,0.9189955429960254
1780794884.8809278,1780794884.8832183,0.417837583327138,0.9189955429960254
1780794884.8809278,1780794884.8832183,0.417837583327138,0.9189955429960254
1780794884.8809278,1780794884.8832183,0.417837583327138,0.9189955429960254
1780794884.8809278,1780794884.8832183,0.417837583327138,0.9189955429960254
1780794884.8809278,1780794884.8832183,0.417837583327138,0.9189955429960254
1780794884.8809278,1780794884.8832183,0.417837583327138,0.9189955429960254
1780794884.8809278,1780794884.8832183,0.417837583327138,0.9189955429960254
1780794884.8809278,1780794884.8832183,0.417837583327138,0.9189955429960254
1780794884.8809278,1780794884.8832183,0.417837583327138,0.9189955429960254
1780794884.8809278,1780794884.8832183,0.417837583327138,0.9189955429960254
1780794884.8809278,1780794884.8832183,0.417837583327138,0.9189955429960254
1780794884.8809278,1780794884.8832183,0.417837583327138,0.9189955429960254
1780794884.8809278,1780794884.8832183,0.417837583327138,0.9189955429960254
1780794884.8809278,1780794884.8832183,0.417837583327138,0.9189955429960254
1780794884.8809278,1780794884.8832183,0.417837583327138,0.9189955429960254
1780794884.8809278,1780794884.8832183,0.417837583327138,0.9189955429960254
1780794884.8809278,1780794884.8832183,0.417837583327138,0.9189955429960254
1780794884.8809278,1780794884.8832183,0.417837583327138,0.9189955429960254
1780794884.8809278,1780794884.8832183,0.417837583327138,0.9189955429960254
1780794884.8809278,1780794884.8832183,0.417837583327138,0.9189955429960254
1780794884.8809278,1780794884.8832183,0.417837583327138,0.9189955429960254
1780794884.8809278,1780794884.8832183,0.417837583327138,0.9189955429960254
1780794884.8809278,1780794884.8832183,0.417837583327138,0.9189955429960254
1780794884.8809278,1780794884.8832183,0.417837583327138,0.9189955429960254
1780794884.8809278,1780794884.8832183,0.417837583327138,0.9189955429960254
1780794884.8809278,1780794884.8832183,0.417837583327138,0.9189955429960254
1780794884.8809278,1780794884.8832183,0.417837583327138,0.9189955429960254
1780794884.8809278,1780794884.8832183,0.417837583327138,0.9189955429960254
1780794884.8809278,1780794884.8832183,0.417837583327138,0.9189955429960254
1780794884.8809278,1780794884.8832183,0.417837583327138,0.9189955429960254
1780794884.8809278,1780794884.8832183,0.417837583327138,0.9189955429960254
1780794884.8809278,1780794884.8832183,0.417837583327138,0.9189955429960254
1780794884.8809278,1780794884.8832183,0.417837583327138,0.9189955429960254
1780794884.8809278,1780794884.8832183,0.417837583327138,0.9189955429960254
1780794884.8809278,1780794884.8832183,0.417837583327138,0.9189955429960254
1780794884.8809278,1780794884.8832183,0.417837583327138,0.9189955429960254
1780794884.8809278,1780794884.8832183,0.417837583327138,0.9189955429960254
1780794884.8809278,1780794884.8832183,0.417837583327138,0.9189955429960254
1780794884.8809278,1780794884.8832183,0.417837583327138,0.9189955429960254
1780794884.8809278,1780794884.8832183,0.417837583327138,0.9189955429960254
1780794884.8809278,1780794884.8832183,0.417837583327138,0.9189955429960254
1780794884.8809278,1780794884.8832183,0.417837583327138,0.9189955429960254
1780794884.8809278,1780794884.8832183,0.417837583327138,0.9189955429960254
1780794884.8809278,1780794884.8832183,0.417837583327138,0.9189955429960254
1780794884.8809278,1780794884.8832183,0.417837583327138,0.9189955429960254
1780794884.8809278,1780794884.8832183,0.417837583327138,0.9189955429960254
1780794884.8809278,1780794884.8832183,0.417837583327138,0.9189955429960254
1780794884.8809278,1780794884.8832183,0.417837583327138,0.9189955429960254
1780794884.8809278,1780794884.8832183,0.417837583327138,0.9189955429960254
1780794884.8809278,1780794884.8832183,0.417837583327138,0.9189955429960254
1780794884.8809278,1780794884.8832183,0.417837583327138,0.9189955429960254
1780794884.8809278,1780794884.8832183,0.417837583327138,0.9189955429960254
1780794884.8809278,1780794884.8832183,0.417837583327138,0.9189955429960254
1780794884.8809278,1780794884.8832183,0.417837583327138,0.9189955429960254
1780794884.8809278,1780794884.8832183,0.417837583327138,0.9189955429960254
1780794884.8809278,1780794884.8832183,0.417837583327138,0.9189955429960254
1780794884.8809278,1780794884.8832183,0.417837583327138,0.9189955429960254
1780794884.8809278,1780794884.8832183,0.417837583327138,0.9189955429960254
1780794884.8809278,1780794884.8832183,0.417837583327138,0.9189955429960254
1780794884.8809278,1780794884.8832183,0.417837583327138,0.9189955429960254
1780794884.8809278,1780794884.8832183,0.417837583327138,0.9189955429960254
1780794884.8809278,1780794884.8832183,0.417837583327138,0.9189955429960254
1780794884.8809278,1780794884.8832183,0.417837583327138,0.9189955429960254
1780794884.8809278,1780794884.8832183,0.417837583327138,0.9189955429960254
1780794884.8809278,1780794884.8832183,0.417837583327138,0.9189955429960254
1780794884.8809278,1780794884.8832183,0.417837583327138,0.9189955429960254
1780794884.8809278,1780794884.8832183,0.417837583327138,0.9189955429960254
1780794884.8809278,1780794884.8832183,0.417837583327138,0.9189955429960254
1780794884.8809278,1780794884.8832183,0.417837583327138,0.9189955429960254
1780794884.8809278,1780794884.8832183,0.417837583327138,0.9189955429960254
1780794884.8809278,1780794884.8832183,0.417837583327138,0.9189955429960254
1780794884.8809278,1780794884.8832183,0.417837583327138,0.9189955429960254
1780794884.8809278,1780794884.8832183,0.417837583327138,0.9189955429960254
1780794884.8809278,1780794884.8832183,0.417837583327138,0.9189955429960254
1780794884.8809278,1780794884.8832183,0.417837583327138,0.9189955429960254
1780794884.8809278,1780794884.8832183,0.417837583327138,0.9189955429960254
1780794884.8809278,1780794884.8832183,0.417837583327138,0.9189955429960254
1780794884.8809278,1780794884.8832183,0.417837583327138,0.9189955429960254
1780794884.8809278,1780794884.8832183,0.417837583327138,0.9189955429960254
1780794884.8809278,1780794884.8832183,0.417837583327138,0.9189955429960254
1780794884.8809278,1780794884.8832183,0.417837583327138,0.9189955429960254
1780794884.8809278,1780794884.8832183,0.417837583327138,0.9189955429960254
1780794884.8809278,1780794884.8832183,0.417837583327138,0.9189955429960254
1780794884.8809278,1780794884.8832183,0.417837583327138,0.9189955429960254
1780794884.8809278,1780794884.8832183,0.417837583327138,0.9189955429960254
1780794884.8809278,1780794884.8832183,0.417837583327138,0.9189955429960254
1780794884.8809278,1780794884.8832183,0.417837583327138,0.9189955429960254
1780794884.8809278,1780794884.8832183,0.417837583327138,0.9189955429960254
1780794884.8809278,1780794884.8832183,0.417837583327138,0.9189955429960254
1780794884.8809278,1780794884.8832183,0.417837583327138,0.9189955429960254
1780794884.8809278,1780794884.8832183,0.417837583327138,0.9189955429960254
1780794884.8809278,1780794884.8832183,0.417837583327138,0.9189955429960254
1780794884.8809278,1780794884.8832183,0.417837583327138,0.9189955429960254
1780794884.8809278,1780794884.8832183,0.417837583327138,0.9189955429960254
1780794884.8809278,1780794884.8832183,0.417837583327138,0.9189955429960254
1780794884.8809278,1780794884.8832183,0.417837583327138,0.9189955429960254
1780794884.8809278,1780794884.8832183,0.417837583327138,0.9189955429960254
1780794884.8809278,1780794884.8832183,0.417837583327138,0.9189955429960254
1780794884.8809278,1780794884.8832183,0.417837583327138,0.9189955429960254
1780794884.8809278,1780794884.8832183,0.417837583327138,0.9189955429960254
1780794884.8809278,1780794884.8832183,0.417837583327138,0.9189955429960254
1780794884.8809278,1780794884.8832183,0.417837583327138,0.9189955429960254
1780794884.8809278,1780794884.8832183,0.417837583327138,0.9189955429960254
1780794884.8809278,1780794884.8832183,0.417837583327138,0.9189955429960254
1780794884.8809278,1780794884.8832183,0.417837583327138,0.9189955429960254
1780794884.8809278,1780794884.8832183,0.417837583327138,0.9189955429960254
1780794884.8809278,1780794884.8832183,0.417837583327138,0.9189955429960254
1780794884.8809278,1780794884.8832183,0.417837583327138,0.9189955429960254
1780794884.8809278,1780794884.8832183,0.417837583327138,0.9189955429960254
1780794884.8809278,1780794884.8832183,0.417837583327138,0.9189955429960254
1780794884.8809278,1780794884.8832183,0.417837583327138,0.9189955429960254
1780794884.8809278,1780794884.8832183,0.417837583327138,0.9189955429960254
1780794884.8809278,1780794884.8832183,0.417837583327138,0.9189955429960254
1780794884.8809278,1780794884.8832183,0.417837583327138,0.9189955429960254
1780794884.8809278,1780794884.8832183,0.417837583327138,0.9189955429960254
1780794884.8809278,1780794884.8832183,0.417837583327138,0.9189955429960254
1780794884.8809278,1780794884.8832183,0.417837583327138,0.9189955429960254
1780794884.8809278,1780794884.8832183,0.417837583327138,0.9189955429960254
1780794884.8809278,1780794884.8832183,0.417837583327138,0.9189955429960254
1780794884.8809278,1780794884.8832183,0.417837583327138,0.9189955429960254
1780794884.8809278,1780794884.8832183,0.417837583327138,0.9189955429960254
1780794884.8809278,1780794884.8832183,0.417837583327138,0.9189955429960254
1780794884.8809278,1780794884.8832183,0.417837583327138,0.9189955429960254
1780794884.8809278,1780794884.8832183,0.417837583327138,0.9189955429960254
1780794884.8809278,1780794884.8832183,0.417837583327138,0.9189955429960254
1780794884.8809278,1780794884.8832183,0.417837583327138,0.9189955429960254
1780794884.8809278,1780794884.8832183,0.417837583327138,0.9189955429960254
1780794884.8809278,1780794884.8832183,0.417837583327138,0.9189955429960254
1780794884.8809278,1780794884.8832183,0.417837583327138,0.9189955429960254
1780794884.8809278,1780794884.8832183,0.417837583327138,0.9189955429960254
1780794884.8809278,1780794884.8832183,0.417837583327138,0.9189955429960254
1780794884.8809278,1780794884.8832183,0.417837583327138,0.9189955429960254
1780794884.8809278,1780794884.8832183,0.417837583327138,0.9189955429960254
1780794884.8809278,1780794884.8832183,0.417837583327138,0.9189955429960254
1780794884.8809278,1780794884.8832183,0.417837583327138,0.9189955429960254
1780794884.8809278,1780794884.8832183,0.417837583327138,0.9189955429960254
1780794884.8809278,1780794884.8832183,0.417837583327138,0.9189955429960254
1780794884.8809278,1780794884.8832183,0.417837583327138,0.9189955429960254
1780794884.8809278,1780794884.8832183,0.417837583327138,0.9189955429960254
1780794884.8809278,1780794884.8832183,0.417837583327138,0.9189955429960254
1780794884.8809278,1780794884.8832183,0.417837583327138,0.9189955429960254
1780794884.8809278,1780794884.8832183,0.417837583327138,0.9189955429960254
1780794884.8809278,1780794884.8832183,0.417837583327138,0.9189955429960254
1780794884.8809278,1780794884.8832183,0.417837583327138,0.9189955429960254
1780794884.8809278,1780794884.8832183,0.417837583327138,0.9189955429960254
1780794884.8809278,1780794884.8832183,0.417837583327138,0.9189955429960254
1780794884.8809278,1780794884.8832183,0.417837583327138,0.9189955429960254
1780794884.8809278,1780794884.8832183,0.417837583327138,0.9189955429960254
1780794884.8809278,1780794884.8832183,0.417837583327138,0.9189955429960254
1780794884.8809278,1780794884.8832183,0.417837583327138,0.9189955429960254
1780794884.8809278,1780794884.8832183,0.417837583327138,0.9189955429960254
1780794884.8809278,1780794884.8832183,0.417837583327138,0.9189955429960254
1780794884.8809278,1780794884.8832183,0.417837583327138,0.9189955429960254
1780794884.8809278,1780794884.8832183,0.417837583327138,0.9189955429960254
1780794884.8809278,1780794884.8832183,0.417837583327138,0.9189955429960254
1780794884.8809278,1780794884.8832183,0.417837583327138,0.9189955429960254
1780794884.8809278,1780794884.8832183,0.417837583327138,0.9189955429960254
1780794884.8809278,1780794884.8832183,0.417837583327138,0.9189955429960254
1780794884.8809278,1780794884.8832183,0.417837583327138,0.9189955429960254
1780794884.8809278,1780794884.8832183,0.417837583327138,0.9189955429960254
1780794884.8809278,1780794884.8832183,0.417837583327138,0.9189955429960254
1780794884.8809278,1780794884.8832183,0.417837583327138,0.9189955429960254
1780794884.8809278,1780794884.8832183,0.417837583327138,0.9189955429960254
1780794884.8809278,1780794884.8832183,0.417837583327138,0.9189955429960254
1780794884.8809278,1780794884.8832183,0.417837583327138,0.9189955429960254
1780794884.8809278,1780794884.8832183,0.417837583327138,0.9189955429960254
1780794884.8809278,1780794884.8832183,0.417837583327138,0.9189955429960254
1780794884.8809278,1780794884.8832183,0.417837583327138,0.9189955429960254
1780794884.8809278,1780794884.8832183,0.417837583327138,0.9189955429960254
1780794884.8809278,1780794884.8832183,0.417837583327138,0.9189955429960254
1780794884.8809278,1780794884.8832183,0.417837583327138,0.9189955429960254
1780794884.8809278,1780794884.8832183,0.417837583327138,0.9189955429960254
1780794884.8809278,1780794884.8832183,0.417837583327138,0.9189955429960254
1780794884.8809278,1780794884.8832183,0.417837583327138,0.9189955429960254
1780794884.8809278,1780794884.8832183,0.417837583327138,0.9189955429960254
1780794884.8809278,1780794884.8832183,0.417837583327138,0.9189955429960254
1780794884.8809278,1780794884.8832183,0.417837583327138,0.9189955429960254
1780794884.8809278,1780794884.8832183,0.417837583327138,0.9189955429960254
1780794884.8809278,1780794884.8832183,0.417837583327138,0.9189955429960254
1780794884.8809278,1780794884.8832183,0.417837583327138,0.9189955429960254
1780794884.8809278,1780794884.8832183,0.417837583327138,0.9189955429960254
1780794884.8809278,1780794884.8832183,0.417837583327138,0.9189955429960254
1780794884.8809278,1780794884.8832183,0.417837583327138,0.9189955429960254
1780794884.8809278,1780794884.8832183,0.417837583327138,0.9189955429960254
1780794884.8809278,1780794884.8832183,0.417837583327138,0.9189955429960254
1780794884.8809278,1780794884.8832183,0.417837583327138,0.9189955429960254
1780794884.8809278,1780794884.8832183,0.417837583327138,0.9189955429960254
1780794884.8809278,1780794884.8832183,0.417837583327138,0.9189955429960254
1780794884.8809278,1780794884.8832183,0.417837583327138,0.9189955429960254
1780794884.8809278,1780794884.8832183,0.417837583327138,0.9189955429960254
1780794884.8809278,1780794884.8832183,0.417837583327138,0.9189955429960254
1780794884.8809278,1780794884.8832183,0.417837583327138,0.9189955429960254
1780794884.8809278,1780794884.8832183,0.417837583327138,0.9189955429960254
1780794884.8809278,1780794884.8832183,0.417837583327138,0.9189955429960254
1780794884.8809278,1780794884.8832183,0.417837583327138,0.9189955429960254
1780794884.8809278,1780794884.8832183,0.417837583327138,0.9189955429960254
1780794884.8809278,1780794884.8832183,0.417837583327138,0.9189955429960254
1780794884.8809278,1780794884.8832183,0.417837583327138,0.9189955429960254
1780794884.8809278,1780794884.8832183,0.417837583327138,0.9189955429960254
1780794884.8809278,1780794884.8832183,0.417837583327138,0.9189955429960254
1780794884.8809278,1780794884.8832183,0.417837583327138,0.9189955429960254
1780794884.8809278,1780794884.8832183,0.417837583327138,0.9189955429960254
1780794884.8809278,1780794884.8832183,0.417837583327138,0.9189955429960254
1780794884.8809278,1780794884.8832183,0.417837583327138,0.9189955429960254
1780794884.8809278,1780794884.8832183,0.417837583327138,0.9189955429960254
1780794884.8809278,1780794884.8832183,0.417837583327138,0.9189955429960254
1780794884.8809278,1780794884.8832183,0.417837583327138,0.9189955429960254
1780794884.8809278,1780794884.8832183,0.417837583327138,0.9189955429960254
1780794884.8809278,1780794884.8832183,0.417837583327138,0.9189955429960254
1780794884.8809278,1780794884.8832183,0.417837583327138,0.9189955429960254
1780794884.8809278,1780794884.8832183,0.417837583327138,0.9189955429960254
1780794884.8809278,1780794884.8832183,0.417837583327138,0.9189955429960254
1780794884.8809278,1780794884.8832183,0.417837583327138,0.9189955429960254
1780794884.8809278,1780794884.8832183,0.417837583327138,0.9189955429960254
1780794884.8809278,1780794884.8832183,0.417837583327138,0.9189955429960254
1780794884.8809278,1780794884.8832183,0.417837583327138,0.9189955429960254
1780794884.8809278,1780794884.8832183,0.417837583327138,0.9189955429960254
1780794884.8809278,1780794884.8832183,0.417837583327138,0.9189955429960254
1780794884.8809278,1780794884.8832183,0.417837583327138,0.9189955429960254
1780794884.8809278,1780794884.8832183,0.417837583327138,0.9189955429960254
1780794884.8809278,1780794884.8832183,0.417837583327138,0.9189955429960254
1780794884.8809278,1780794884.8832183,0.417837583327138,0.9189955429960254
1780794884.8809278,1780794884.8832183,0.417837583327138,0.9189955429960254
1780794884.8809278,1780794884.8832183,0.417837583327138,0.9189955429960254
1780794884.8809278,1780794884.8832183,0.417837583327138,0.9189955429960254
1780794884.8809278,1780794884.8832183,0.417837583327138,0.9189955429960254
1780794884.8809278,1780794884.8832183,0.417837583327138,0.9189955429960254
1780794884.8809278,1780794884.8832183,0.417837583327138,0.9189955429960254
1780794884.8809278,1780794884.8832183,0.417837583327138,0.9189955429960254
1780794884.8809278,1780794884.8832183,0.417837583327138,0.9189955429960254
1780794884.8809278,1780794884.8832183,0.417837583327138,0.9189955429960254
1780794884.8809278,1780794884.8832183,0.417837583327138,0.9189955429960254
1780794884.8809278,1780794884.8832183,0.417837583327138,0.9189955429960254
1780794884.8809278,1780794884.8832183,0.417837583327138,0.9189955429960254
1780794884.8809278,1780794884.8832183,0.417837583327138,0.9189955429960254
1780794884.8809278,1780794884.8832183,0.417837583327138,0.9189955429960254
1780794884.8809278,1780794884.8832183,0.417837583327138,0.9189955429960254
1780794884.8809278,1780794884.8832183,0.417837583327138,0.9189955429960254
1780794884.8809278,1780794884.8832183,0.417837583327138,0.9189955429960254
1780794884.8809278,1780794884.8832183,0.417837583327138,0.9189955429960254
1780794884.8809278,1780794884.8832183,0.417837583327138,0.9189955429960254
1780794884.8809278,1780794884.8832183,0.417837583327138,0.9189955429960254
1780794884.8809278,1780794884.8832183,0.417837583327138,0.9189955429960254
1780794884.8809278,1780794884.8832183,0.417837583327138,0.9189955429960254
1780794884.8809278,1780794884.8832183,0.417837583327138,0.9189955429960254
1780794884.8809278,1780794884.8832183,0.417837583327138,0.9189955429960254
1780794884.8809278,1780794884.8832183,0.417837583327138,0.9189955429960254
1780794884.8809278,1780794884.8832183,0.417837583327138,0.9189955429960254
1780794884.8809278,1780794884.8832183,0.417837583327138,0.9189955429960254
1780794884.8809278,1780794884.8832183,0.417837583327138,0.9189955429960254
1780794884.8809278,1780794884.8832183,0.417837583327138,0.9189955429960254
1780794884.8809278,1780794884.8832183,0.417837583327138,0.9189955429960254
1780794884.8809278,1780794884.8832183,0.417837583327138,0.9189955429960254
1780794884.8809278,1780794884.8832183,0.417837583327138,0.9189955429960254
1780794884.8809278,1780794884.8832183,0.417837583327138,0.9189955429960254
1780794884.8809278,1780794884.8832183,0.417837583327138,0.9189955429960254
1780794884.8809278,1780794884.8832183,0.417837583327138,0.9189955429960254
1780794884.8809278,1780794884.8832183,0.417837583327138,0.9189955429960254
1780794884.8809278,1780794884.8832183,0.417837583327138,0.9189955429960254
1780794884.8809278,1780794884.8832183,0.417837583327138,0.9189955429960254
1780794884.8809278,1780794884.8832183,0.417837583327138,0.9189955429960254
1780794884.8809278,1780794884.8832183,0.417837583327138,0.9189955429960254
1780794884.8809278,1780794884.8832183,0.417837583327138,0.9189955429960254
1780794884.8809278,1780794884.8832183,0.417837583327138,0.9189955429960254
1780794884.8809278,1780794884.8832183,0.417837583327138,0.9189955429960254
1780794884.8809278,1780794884.8832183,0.417837583327138,0.9189955429960254
1780794884.8809278,1780794884.8832183,0.417837583327138,0.9189955429960254
1780794884.8809278,1780794884.8832183,0.417837583327138,0.9189955429960254
1780794884.8809278,1780794884.8832183,0.417837583327138,0.9189955429960254
1780794884.8809278,1780794884.8832183,0.417837583327138,0.9189955429960254
1780794884.8809278,1780794884.8832183,0.417837583327138,0.9189955429960254
1780794884.8809278,1780794884.8832183,0.417837583327138,0.9189955429960254
1780794884.8809278,1780794884.8832183,0.417837583327138,0.9189955429960254
1780794884.8809278,1780794884.8832183,0.417837583327138,0.9189955429960254
1780794884.8809278,1780794884.8832183,0.417837583327138,0.9189955429960254
1780794884.8809278,1780794884.8832183,0.417837583327138,0.9189955429960254
1780794884.8809278,1780794884.8832183,0.417837583327138,0.9189955429960254
1780794884.8809278,1780794884.8832183,0.417837583327138,0.9189955429960254
1780794884.8809278,1780794884.8832183,0.417837583327138,0.9189955429960254
1780794884.8809278,1780794884.8832183,0.417837583327138,0.9189955429960254
1780794884.8809278,1780794884.8832183,0.417837583327138,0.9189955429960254
1780794884.8809278,1780794884.8832183,0.417837583327138,0.9189955429960254
1780794884.8809278,1780794884.8832183,0.417837583327138,0.9189955429960254
1780794884.8809278,1780794884.8832183,0.417837583327138,0.9189955429960254
1780794884.8809278,1780794884.8832183,0.417837583327138,0.9189955429960254
1780794884.8809278,1780794884.8832183,0.417837583327138,0.9189955429960254
1780794884.8809278,1780794884.8832183,0.417837583327138,0.9189955429960254
1780794884.8809278,1780794884.8832183,0.417837583327138,0.9189955429960254
1780794884.8809278,1780794884.8832183,0.417837583327138,0.9189955429960254
1780794884.8809278,1780794884.8832183,0.417837583327138,0.9189955429960254
1780794884.8809278,1780794884.8832183,0.417837583327138,0.9189955429960254
1780794884.8809278,1780794884.8832183,0.417837583327138,0.9189955429960254
1780794884.8809278,1780794884.8832183,0.417837583327138,0.9189955429960254
1780794884.8809278,1780794884.8832183,0.417837583327138,0.9189955429960254
1780794884.8809278,1780794884.8832183,0.417837583327138,0.9189955429960254
1780794884.8809278,1780794884.8832183,0.417837583327138,0.9189955429960254
1780794884.8809278,1780794884.8832183,0.417837583327138,0.9189955429960254
1780794884.8809278,1780794884.8832183,0.417837583327138,0.9189955429960254
1780794884.8809278,1780794884.8832183,0.417837583327138,0.9189955429960254
1780794884.8809278,1780794884.8832183,0.417837583327138,0.9189955429960254
1780794884.8809278,1780794884.8832183,0.417837583327138,0.9189955429960254
1780794884.8809278,1780794884.8832183,0.417837583327138,0.9189955429960254
1780794884.8809278,1780794884.8832183,0.417837583327138,0.9189955429960254
1780794884.8809278,1780794884.8832183,0.417837583327138,0.9189955429960254
1780794884.8809278,1780794884.8832183,0.417837583327138,0.9189955429960254
1780794884.8809278,1780794884.8832183,0.417837583327138,0.9189955429960254
1780794884.8809278,1780794884.8832183,0.417837583327138,0.9189955429960254
1780794884.8809278,1780794884.8832183,0.417837583327138,0.9189955429960254
1780794884.8809278,1780794884.8832183,0.417837583327138,0.9189955429960254
1780794884.8809278,1780794884.8832183,0.417837583327138,0.9189955429960254
1780794884.8809278,1780794884.8832183,0.417837583327138,0.9189955429960254
1780794884.8809278,1780794884.8832183,0.417837583327138,0.9189955429960254
1780794884.8809278,1780794884.8832183,0.417837583327138,0.9189955429960254
1780794884.8809278,1780794884.8832183,0.417837583327138,0.9189955429960254
1780794884.8809278,1780794884.8832183,0.417837583327138,0.9189955429960254
1780794884.8809278,1780794884.8832183,0.417837583327138,0.9189955429960254
1780794884.8809278,1780794884.8832183,0.417837583327138,0.9189955429960254
1780794884.8809278,1780794884.8832183,0.417837583327138,0.9189955429960254
1780794884.8809278,1780794884.8832183,0.417837583327138,0.9189955429960254
1780794884.8809278,1780794884.8832183,0.417837583327138,0.9189955429960254
1780794884.8809278,1780794884.8832183,0.417837583327138,0.9189955429960254
1780794884.8809278,1780794884.8832183,0.417837583327138,0.9189955429960254
1780794884.8809278,1780794884.8832183,0.417837583327138,0.9189955429960254
1780794884.8809278,1780794884.8832183,0.417837583327138,0.9189955429960254
1780794884.8809278,1780794884.8832183,0.417837583327138,0.9189955429960254
1780794884.8809278,1780794884.8832183,0.417837583327138,0.9189955429960254
1780794884.8809278,1780794884.8832183,0.417837583327138,0.9189955429960254
1780794884.8809278,1780794884.8832183,0.417837583327138,0.9189955429960254
1780794884.8809278,1780794884.8832183,0.417837583327138,0.9189955429960254
1780794884.8809278,1780794884.8832183,0.417837583327138,0.9189955429960254
1780794884.8809278,1780794884.8832183,0.417837583327138,0.9189955429960254
1780794884.8809278,1780794884.8832183,0.417837583327138,0.9189955429960254
1780794884.8809278,1780794884.8832183,0.417837583327138,0.9189955429960254
1780794884.8809278,1780794884.8832183,0.417837583327138,0.9189955429960254
1780794884.8809278,1780794884.8832183,0.417837583327138,0.9189955429960254
1780794884.8809278,1780794884.8832183,0.417837583327138,0.9189955429960254
1780794884.8809278,1780794884.8832183,0.417837583327138,0.9189955429960254
1780794884.8809278,1780794884.8832183,0.417837583327138,0.9189955429960254
1780794884.8809278,1780794884.8832183,0.417837583327138,0.9189955429960254
1780794884.8809278,1780794884.8832183,0.417837583327138,0.9189955429960254
1780794884.8809278,1780794884.8832183,0.417837583327138,0.9189955429960254
1780794884.8809278,1780794884.8832183,0.417837583327138,0.9189955429960254
1780794884.8809278,1780794884.8832183,0.417837583327138,0.9189955429960254
1780794884.8809278,1780794884.8832183,0.417837583327138,0.9189955429960254
1780794884.8809278,1780794884.8832183,0.417837583327138,0.9189955429960254
1780794884.8809278,1780794884.8832183,0.417837583327138,0.9189955429960254
1780794884.8809278,1780794884.8832183,0.417837583327138,0.9189955429960254
1780794884.8809278,1780794884.8832183,0.417837583327138,0.9189955429960254
1780794884.8809278,1780794884.8832183,0.417837583327138,0.9189955429960254
1780794884.8809278,1780794884.8832183,0.417837583327138,0.9189955429960254
1780794884.8809278,1780794884.8832183,0.417837583327138,0.9189955429960254
1780794884.8809278,1780794884.8832183,0.417837583327138,0.9189955429960254
1780794884.8809278,1780794884.8832183,0.417837583327138,0.9189955429960254
1780794884.8809278,1780794884.8832183,0.417837583327138,0.9189955429960254
1780794884.8809278,1780794884.8832183,0.417837583327138,0.9189955429960254
1780794884.8809278,1780794884.8832183,0.417837583327138,0.9189955429960254
1780794884.8809278,1780794884.8832183,0.417837583327138,0.9189955429960254
1780794884.8809278,1780794884.8832183,0.417837583327138,0.9189955429960254
1780794884.8809278,1780794884.8832183,0.417837583327138,0.9189955429960254
1780794884.8809278,1780794884.8832183,0.417837583327138,0.9189955429960254
1780794884.8809278,1780794884.8832183,0.417837583327138,0.9189955429960254
1780794884.8809278,1780794884.8832183,0.417837583327138,0.9189955429960254
1780794884.8809278,1780794884.8832183,0.417837583327138,0.9189955429960254
1780794884.8809278,1780794884.8832183,0.417837583327138,0.9189955429960254
1780794884.8809278,1780794884.8832183,0.417837583327138,0.9189955429960254
1780794884.8809278,1780794884.8832183,0.417837583327138,0.9189955429960254
1780794884.8809278,1780794884.8832183,0.417837583327138,0.9189955429960254
1780794884.8809278,1780794884.8832183,0.417837583327138,0.9189955429960254
1780794884.8809278,1780794884.8832183,0.417837583327138,0.9189955429960254
1780794884.8809278,1780794884.8832183,0.417837583327138,0.9189955429960254
1780794884.8809278,1780794884.8832183,0.417837583327138,0.9189955429960254
1780794884.8809278,1780794884.8832183,0.417837583327138,0.9189955429960254
1780794884.8809278,1780794884.8832183,0.417837583327138,0.9189955429960254
1780794884.8809278,1780794884.8832183,0.417837583327138,0.9189955429960254
1780794884.8809278,1780794884.8832183,0.417837583327138,0.9189955429960254
1780794884.8809278,1780794884.8832183,0.417837583327138,0.9189955429960254
1780794884.8809278,1780794884.8832183,0.417837583327138,0.9189955429960254
1780794884.8809278,1780794884.8832183,0.417837583327138,0.9189955429960254
1780794884.8809278,1780794884.8832183,0.417837583327138,0.9189955429960254
1780794884.8809278,1780794884.8832183,0.417837583327138,0.9189955429960254
1780794884.8809278,1780794884.8832183,0.417837583327138,0.9189955429960254
1780794884.8809278,1780794884.8832183,0.417837583327138,0.9189955429960254
1780794884.8809278,1780794884.8832183,0.417837583327138,0.9189955429960254
1780794884.8809278,1780794884.8832183,0.417837583327138,0.9189955429960254
1780794884.8809278,1780794884.8832183,0.417837583327138,0.9189955429960254
1780794884.8809278,1780794884.8832183,0.417837583327138,0.9189955429960254
1780794884.8809278,1780794884.8832183,0.417837583327138,0.9189955429960254
1780794884.8809278,1780794884.8832183,0.417837583327138,0.9189955429960254
1780794884.8809278,1780794884.8832183,0.417837583327138,0.9189955429960254
1780794884.8809278,1780794884.8832183,0.417837583327138,0.9189955429960254
1780794884.8809278,1780794884.8832183,0.417837583327138,0.9189955429960254
1780794884.8809278,1780794884.8832183,0.417837583327138,0.9189955429960254
1780794884.8809278,1780794884.8832183,0.417837583327138,0.9189955429960254
1780794884.8809278,1780794884.8832183,0.417837583327138,0.9189955429960254
1780794884.8809278,1780794884.8832183,0.417837583327138,0.9189955429960254
1780794884.8809278,1780794884.8832183,0.417837583327138,0.9189955429960254
1780794884.8809278,1780794884.8832183,0.417837583327138,0.9189955429960254
1780794884.8809278,1780794884.8832183,0.417837583327138,0.9189955429960254
1780794884.8809278,1780794884.8832183,0.417837583327138,0.9189955429960254
1780794884.8809278,1780794884.8832183,0.417837583327138,0.9189955429960254
1780794884.8809278,1780794884.8832183,0.417837583327138,0.9189955429960254
1780794884.8809278,1780794884.8832183,0.417837583327138,0.9189955429960254
1780794884.8809278,1780794884.8832183,0.417837583327138,0.9189955429960254
1780794884.8809278,1780794884.8832183,0.417837583327138,0.9189955429960254
1780794884.8809278,1780794884.8832183,0.417837583327138,0.9189955429960254
1780794884.8809278,1780794884.8832183,0.417837583327138,0.9189955429960254
1780794884.8809278,1780794884.8832183,0.417837583327138,0.9189955429960254
1780794884.8809278,1780794884.8832183,0.417837583327138,0.9189955429960254
1780794884.8809278,1780794884.8832183,0.417837583327138,0.9189955429960254
1780794884.8809278,1780794884.8832183,0.417837583327138,0.9189955429960254
1780794884.8809278,1780794884.8832183,0.417837583327138,0.9189955429960254
1780794884.8809278,1780794884.8832183,0.417837583327138,0.9189955429960254
1780794884.8809278,1780794884.8832183,0.417837583327138,0.9189955429960254
1780794884.8809278,1780794884.8832183,0.417837583327138,0.9189955429960254
1780794884.8809278,1780794884.8832183,0.417837583327138,0.9189955429960254
1780794884.8809278,1780794884.8832183,0.417837583327138,0.9189955429960254
1780794884.8809278,1780794884.8832183,0.417837583327138,0.9189955429960254
1780794884.8809278,1780794884.8832183,0.417837583327138,0.9189955429960254
1780794884.8809278,1780794884.8832183,0.417837583327138,0.9189955429960254
1780794884.8809278,1780794884.8832183,0.417837583327138,0.9189955429960254
1780794884.8809278,1780794884.8832183,0.417837583327138,0.9189955429960254
1780794884.8809278,1780794884.8832183,0.417837583327138,0.9189955429960254
1780794884.8809278,1780794884.8832183,0.417837583327138,0.9189955429960254
1780794884.8809278,1780794884.8832183,0.417837583327138,0.9189955429960254
1780794884.8809278,1780794884.8832183,0.417837583327138,0.9189955429960254
1780794884.8809278,1780794884.8832183,0.417837583327138,0.9189955429960254
1780794884.8809278,1780794884.8832183,0.417837583327138,0.9189955429960254
1780794884.8809278,1780794884.8832183,0.417837583327138,0.9189955429960254
1780794884.8809278,1780794884.8832183,0.417837583327138,0.9189955429960254
1780794884.8809278,1780794884.8832183,0.417837583327138,0.9189955429960254
1780794884.8809278,1780794884.8832183,0.417837583327138,0.9189955429960254
1780794884.8809278,1780794884.8832183,0.417837583327138,0.9189955429960254
1780794884.8809278,1780794884.8832183,0.417837583327138,0.9189955429960254
1780794884.8809278,1780794884.8832183,0.417837583327138,0.9189955429960254
1780794884.8809278,1780794884.8832183,0.417837583327138,0.9189955429960254
1780794884.8809278,1780794884.8832183,0.417837583327138,0.9189955429960254
1780794884.8809278,1780794884.8832183,0.417837583327138,0.9189955429960254
1780794884.8809278,1780794884.8832183,0.417837583327138,0.9189955429960254
1780794884.8809278,1780794884.8832183,0.417837583327138,0.9189955429960254
1780794884.8809278,1780794884.8832183,0.417837583327138,0.9189955429960254
1780794884.8809278,1780794884.8832183,0.417837583327138,0.9189955429960254
1780794884.8809278,1780794884.8832183,0.417837583327138,0.9189955429960254
1780794884.8809278,1780794884.8832183,0.417837583327138,0.9189955429960254
1780794884.8809278,1780794884.8832183,0.417837583327138,0.9189955429960254
1780794884.8809278,1780794884.8832183,0.417837583327138,0.9189955429960254
1780794884.8809278,1780794884.8832183,0.417837583327138,0.9189955429960254
1780794884.8809278,1780794884.8832183,0.417837583327138,0.9189955429960254
1780794884.8809278,1780794884.8832183,0.417837583327138,0.9189955429960254
1780794884.8809278,1780794884.8832183,0.417837583327138,0.9189955429960254
1780794884.8809278,1780794884.8832183,0.417837583327138,0.9189955429960254
1780794884.8809278,1780794884.8832183,0.417837583327138,0.9189955429960254
1780794884.8809278,1780794884.8832183,0.417837583327138,0.9189955429960254
1780794884.8809278,1780794884.8832183,0.417837583327138,0.9189955429960254
1780794884.8809278,1780794884.8832183,0.417837583327138,0.9189955429960254
1780794884.8809278,1780794884.8832183,0.417837583327138,0.9189955429960254
1780794884.8809278,1780794884.8832183,0.417837583327138,0.9189955429960254
1780794884.8809278,1780794884.8832183,0.417837583327138,0.9189955429960254
1780794884.8809278,1780794884.8832183,0.417837583327138,0.9189955429960254
1780794884.8809278,1780794884.8832183,0.417837583327138,0.9189955429960254
1780794884.8809278,1780794884.8832183,0.417837583327138,0.9189955429960254
1780794884.8809278,1780794884.8832183,0.417837583327138,0.9189955429960254
1780794884.8809278,1780794884.8832183,0.417837583327138,0.9189955429960254
1780794884.8809278,1780794884.8832183,0.417837583327138,0.9189955429960254
1780794884.8809278,1780794884.8832183,0.417837583327138,0.9189955429960254
1780794884.8809278,1780794884.8832183,0.417837583327138,0.9189955429960254
1780794884.8809278,1780794884.8832183,0.417837583327138,0.9189955429960254
1780794884.8809278,1780794884.8832183,0.417837583327138,0.9189955429960254
1780794884.8809278,1780794884.8832183,0.417837583327138,0.9189955429960254
1780794884.8809278,1780794884.8832183,0.417837583327138,0.9189955429960254
1780794884.8809278,1780794884.8832183,0.417837583327138,0.9189955429960254
1780794884.8809278,1780794884.8832183,0.417837583327138,0.9189955429960254
1780794884.8809278,1780794884.8832183,0.417837583327138,0.9189955429960254
1780794884.8809278,1780794884.8832183,0.417837583327138,0.9189955429960254
1780794884.8809278,1780794884.8832183,0.417837583327138,0.9189955429960254
1780794884.8809278,1780794884.8832183,0.417837583327138,0.9189955429960254
1780794884.8809278,1780794884.8832183,0.417837583327138,0.9189955429960254
1780794884.8809278,1780794884.8832183,0.417837583327138,0.9189955429960254
1780794884.8809278,1780794884.8832183,0.417837583327138,0.9189955429960254
1780794884.8809278,1780794884.8832183,0.417837583327138,0.9189955429960254
1780794884.8809278,1780794884.8832183,0.417837583327138,0.9189955429960254
1780794884.8809278,1780794884.8832183,0.417837583327138,0.9189955429960254
1780794884.8809278,1780794884.8832183,0.417837583327138,0.9189955429960254
1780794884.8809278,1780794884.8832183,0.417837583327138,0.9189955429960254
1780794884.8809278,1780794884.8832183,0.417837583327138,0.9189955429960254
1780794884.8809278,1780794884.8832183,0.417837583327138,0.9189955429960254
1780794884.8809278,1780794884.8832183,0.417837583327138,0.9189955429960254
1780794884.8809278,1780794884.8832183,0.417837583327138,0.9189955429960254
1780794884.8809278,1780794884.8832183,0.417837583327138,0.9189955429960254
1780794884.8809278,1780794884.8832183,0.417837583327138,0.9189955429960254
1780794884.8809278,1780794884.8832183,0.417837583327138,0.9189955429960254
1780794884.8809278,1780794884.8832183,0.417837583327138,0.9189955429960254
1780794884.8809278,1780794884.8832183,0.417837583327138,0.9189955429960254
1780794884.8809278,1780794884.8832183,0.417837583327138,0.9189955429960254
1780794884.8809278,1780794884.8832183,0.417837583327138,0.9189955429960254
1780794884.8809278,1780794884.8832183,0.417837583327138,0.9189955429960254
1780794884.8809278,1780794884.8832183,0.417837583327138,0.9189955429960254
1780794884.8809278,1780794884.8832183,0.417837583327138,0.9189955429960254
1780794884.8809278,1780794884.8832183,0.417837583327138,0.9189955429960254
1780794884.8809278,1780794884.8832183,0.417837583327138,0.9189955429960254
1780794884.8809278,1780794884.8832183,0.417837583327138,0.9189955429960254
1780794884.8809278,1780794884.8832183,0.417837583327138,0.9189955429960254
1780794884.8809278,1780794884.8832183,0.417837583327138,0.9189955429960254
1780794884.8809278,1780794884.8832183,0.417837583327138,0.9189955429960254
1780794884.8809278,1780794884.8832183,0.417837583327138,0.9189955429960254
1780794884.8809278,1780794884.8832183,0.417837583327138,0.9189955429960254
1780794884.8809278,1780794884.8832183,0.417837583327138,0.9189955429960254
1780794884.8809278,1780794884.8832183,0.417837583327138,0.9189955429960254
1780794884.8809278,1780794884.8832183,0.417837583327138,0.9189955429960254
1780794884.8809278,1780794884.8832183,0.417837583327138,0.9189955429960254
1780794884.8809278,1780794884.8832183,0.417837583327138,0.9189955429960254
1780794884.8809278,1780794884.8832183,0.417837583327138,0.9189955429960254
1780794884.8809278,1780794884.8832183,0.417837583327138,0.9189955429960254
1780794884.8809278,1780794884.8832183,0.417837583327138,0.9189955429960254
1780794884.8809278,1780794884.8832183,0.417837583327138,0.9189955429960254
1780794884.8809278,1780794884.8832183,0.417837583327138,0.9189955429960254
1780794884.8809278,1780794884.8832183,0.417837583327138,0.9189955429960254
1780794884.8809278,1780794884.8832183,0.417837583327138,0.9189955429960254
1780794884.8809278,1780794884.8832183,0.417837583327138,0.9189955429960254
1780794884.8809278,1780794884.8832183,0.417837583327138,0.9189955429960254
1780794884.8809278,1780794884.8832183,0.417837583327138,0.9189955429960254
1780794884.8809278,1780794884.8832183,0.417837583327138,0.9189955429960254
1780794884.8809278,1780794884.8832183,0.417837583327138,0.9189955429960254
1780794884.8809278,1780794884.8832183,0.417837583327138,0.9189955429960254
1780794884.8809278,1780794884.8832183,0.417837583327138,0.9189955429960254
1780794884.8809278,1780794884.8832183,0.417837583327138,0.9189955429960254
1780794884.8809278,1780794884.8832183,0.417837583327138,0.9189955429960254
1780794884.8809278,1780794884.8832183,0.417837583327138,0.9189955429960254
1780794884.8809278,1780794884.8832183,0.417837583327138,0.9189955429960254
1780794884.8809278,1780794884.8832183,0.417837583327138,0.9189955429960254
1780794884.8809278,1780794884.8832183,0.417837583327138,0.9189955429960254
1780794884.8809278,1780794884.8832183,0.417837583327138,0.9189955429960254
1780794884.8809278,1780794884.8832183,0.417837583327138,0.9189955429960254
1780794884.8809278,1780794884.8832183,0.417837583327138,0.9189955429960254
1780794884.8809278,1780794884.8832183,0.417837583327138,0.9189955429960254
1780794884.8809278,1780794884.8832183,0.417837583327138,0.9189955429960254
1780794884.8809278,1780794884.8832183,0.417837583327138,0.9189955429960254
1780794884.8809278,1780794884.8832183,0.417837583327138,0.9189955429960254
1780794884.8809278,1780794884.8832183,0.417837583327138,0.9189955429960254
1780794884.8809278,1780794884.8832183,0.417837583327138,0.9189955429960254
1780794884.8809278,1780794884.8832183,0.417837583327138,0.9189955429960254
1780794884.8809278,1780794884.8832183,0.417837583327138,0.9189955429960254
1780794884.8809278,1780794884.8832183,0.417837583327138,0.9189955429960254
1780794884.8809278,1780794884.8832183,0.417837583327138,0.9189955429960254
1780794884.8809278,1780794884.8832183,0.417837583327138,0.9189955429960254
1780794884.8809278,1780794884.8832183,0.417837583327138,0.9189955429960254
1780794884.8809278,1780794884.8832183,0.417837583327138,0.9189955429960254
1780794884.8809278,1780794884.8832183,0.417837583327138,0.9189955429960254
1780794884.8809278,1780794884.8832183,0.417837583327138,0.9189955429960254
1780794884.8809278,1780794884.8832183,0.417837583327138,0.9189955429960254
1780794884.8809278,1780794884.8832183,0.417837583327138,0.9189955429960254
1780794884.8809278,1780794884.8832183,0.417837583327138,0.9189955429960254
1780794884.8809278,1780794884.8832183,0.417837583327138,0.9189955429960254
1780794884.8809278,1780794884.8832183,0.417837583327138,0.9189955429960254
1780794884.8809278,1780794884.8832183,0.417837583327138,0.9189955429960254
1780794884.8809278,1780794884.8832183,0.417837583327138,0.9189955429960254
1780794884.8809278,1780794884.8832183,0.417837583327138,0.9189955429960254
1780794884.8809278,1780794884.8832183,0.417837583327138,0.9189955429960254
1780794884.8809278,1780794884.8832183,0.417837583327138,0.9189955429960254
1780794884.8809278,1780794884.8832183,0.417837583327138,0.9189955429960254
1780794884.8809278,1780794884.8832183,0.417837583327138,0.9189955429960254
1780794884.8809278,1780794884.8832183,0.417837583327138,0.9189955429960254
1780794884.8809278,1780794884.8832183,0.417837583327138,0.9189955429960254
1780794884.8809278,1780794884.8832183,0.417837583327138,0.9189955429960254
1780794884.8809278,1780794884.8832183,0.417837583327138,0.9189955429960254
1780794884.8809278,1780794884.8832183,0.417837583327138,0.9189955429960254
1780794884.8809278,1780794884.8832183,0.417837583327138,0.9189955429960254
1780794884.8809278,1780794884.8832183,0.417837583327138,0.9189955429960254
1780794884.8809278,1780794884.8832183,0.417837583327138,0.9189955429960254
1780794884.8809278,1780794884.8832183,0.417837583327138,0.9189955429960254
1780794884.8809278,1780794884.8832183,0.417837583327138,0.9189955429960254
1780794884.8809278,1780794884.8832183,0.417837583327138,0.9189955429960254
1780794884.8809278,1780794884.8832183,0.417837583327138,0.9189955429960254
1780794884.8809278,1780794884.8832183,0.417837583327138,0.9189955429960254
1780794884.8809278,1780794884.8832183,0.417837583327138,0.9189955429960254
1780794884.8809278,1780794884.8832183,0.417837583327138,0.9189955429960254
1780794884.8809278,1780794884.8832183,0.417837583327138,0.9189955429960254
1780794884.8809278,1780794884.8832183,0.417837583327138,0.9189955429960254
1780794884.8809278,1780794884.8832183,0.417837583327138,0.9189955429960254
1780794884.8809278,1780794884.8832183,0.417837583327138,0.9189955429960254
1780794884.8809278,1780794884.8832183,0.417837583327138,0.9189955429960254
1780794884.8809278,1780794884.8832183,0.417837583327138,0.9189955429960254
1780794884.8809278,1780794884.8832183,0.417837583327138,0.9189955429960254
1780794884.8809278,1780794884.8832183,0.417837583327138,0.9189955429960254
1780794884.8809278,1780794884.8832183,0.417837583327138,0.9189955429960254
1780794884.8809278,1780794884.8832183,0.417837583327138,0.9189955429960254
1780794884.8809278,1780794884.8832183,0.417837583327138,0.9189955429960254
1780794884.8809278,1780794884.8832183,0.417837583327138,0.9189955429960254
1780794884.8809278,1780794884.8832183,0.417837583327138,0.9189955429960254
1780794884.8809278,1780794884.8832183,0.417837583327138,0.9189955429960254
1780794884.8809278,1780794884.8832183,0.417837583327138,0.9189955429960254
1780794884.8809278,1780794884.8832183,0.417837583327138,0.9189955429960254
1780794884.8809278,1780794884.8832183,0.417837583327138,0.9189955429960254
1780794884.8809278,1780794884.8832183,0.417837583327138,0.9189955429960254
1780794884.8809278,1780794884.8832183,0.417837583327138,0.9189955429960254
1780794884.8809278,1780794884.8832183,0.417837583327138,0.9189955429960254
1780794884.8809278,1780794884.8832183,0.417837583327138,0.9189955429960254
1780794884.8809278,1780794884.8832183,0.417837583327138,0.9189955429960254
1780794884.8809278,1780794884.8832183,0.417837583327138,0.9189955429960254
1780794884.8809278,1780794884.8832183,0.417837583327138,0.9189955429960254
1780794884.8809278,1780794884.8832183,0.417837583327138,0.9189955429960254
1780794884.8809278,1780794884.8832183,0.417837583327138,0.9189955429960254
1780794884.8809278,1780794884.8832183,0.417837583327138,0.9189955429960254
1780794884.8809278,1780794884.8832183,0.417837583327138,0.9189955429960254
1780794884.8809278,1780794884.8832183,0.417837583327138,0.9189955429960254
1780794884.8809278,1780794884.8832183,0.417837583327138,0.9189955429960254
1780794884.8809278,1780794884.8832183,0.417837583327138,0.9189955429960254
1780794884.8809278,1780794884.8832183,0.417837583327138,0.9189955429960254
1780794884.8809278,1780794884.8832183,0.417837583327138,0.9189955429960254
1780794884.8809278,1780794884.8832183,0.417837583327138,0.9189955429960254
1780794884.8809278,1780794884.8832183,0.417837583327138,0.9189955429960254
1780794884.8809278,1780794884.8832183,0.417837583327138,0.9189955429960254
1780794884.8809278,1780794884.8832183,0.417837583327138,0.9189955429960254
1780794884.8809278,1780794884.8832183,0.417837583327138,0.9189955429960254
1780794884.8809278,1780794884.8832183,0.417837583327138,0.9189955429960254
1780794884.8809278,1780794884.8832183,0.417837583327138,0.9189955429960254
1780794884.8809278,1780794884.8832183,0.417837583327138,0.9189955429960254
1780794884.8809278,1780794884.8832183,0.417837583327138,0.9189955429960254
1780794884.8809278,1780794884.8832183,0.417837583327138,0.9189955429960254
1780794884.8809278,1780794884.8832183,0.417837583327138,0.9189955429960254
1780794884.8809278,1780794884.8832183,0.417837583327138,0.9189955429960254
1780794884.8809278,1780794884.8832183,0.417837583327138,0.9189955429960254
1780794884.8809278,1780794884.8832183,0.417837583327138,0.9189955429960254
1780794884.8809278,1780794884.8832183,0.417837583327138,0.9189955429960254
1780794884.8809278,1780794884.8832183,0.417837583327138,0.9189955429960254
1780794884.8809278,1780794884.8832183,0.417837583327138,0.9189955429960254
1780794884.8809278,1780794884.8832183,0.417837583327138,0.9189955429960254
1780794884.8809278,1780794884.8832183,0.417837583327138,0.9189955429960254
1780794884.8809278,1780794884.8832183,0.417837583327138,0.9189955429960254
1780794884.8809278,1780794884.8832183,0.417837583327138,0.9189955429960254
1780794884.8809278,1780794884.8832183,0.417837583327138,0.9189955429960254
1780794884.8809278,1780794884.8832183,0.417837583327138,0.9189955429960254
1780794884.8809278,1780794884.8832183,0.417837583327138,0.9189955429960254
1780794884.8809278,1780794884.8832183,0.417837583327138,0.9189955429960254
1780794884.8809278,1780794884.8832183,0.417837583327138,0.9189955429960254
1780794884.8809278,1780794884.8832183,0.417837583327138,0.9189955429960254
1780794884.8809278,1780794884.8832183,0.417837583327138,0.9189955429960254
1780794884.8809278,1780794884.8832183,0.417837583327138,0.9189955429960254
1780794884.8809278,1780794884.8832183,0.417837583327138,0.9189955429960254
1780794884.8809278,1780794884.8832183,0.417837583327138,0.9189955429960254
1780794884.8809278,1780794884.8832183,0.417837583327138,0.9189955429960254
1780794884.8809278,1780794884.8832183,0.417837583327138,0.9189955429960254
1780794884.8809278,1780794884.8832183,0.417837583327138,0.9189955429960254
1780794884.8809278,1780794884.8832183,0.417837583327138,0.9189955429960254
1780794884.8809278,1780794884.8832183,0.417837583327138,0.9189955429960254
1780794884.8809278,1780794884.8832183,0.417837583327138,0.9189955429960254
1780794884.8809278,1780794884.8832183,0.417837583327138,0.9189955429960254
1780794884.8809278,1780794884.8832183,0.417837583327138,0.9189955429960254
1780794884.8809278,1780794884.8832183,0.417837583327138,0.9189955429960254
1780794884.8809278,1780794884.8832183,0.417837583327138,0.9189955429960254
1780794884.8809278,1780794884.8832183,0.417837583327138,0.9189955429960254
1780794884.8809278,1780794884.8832183,0.417837583327138,0.9189955429960254
1780794884.8809278,1780794884.8832183,0.417837583327138,0.9189955429960254
1780794884.8809278,1780794884.8832183,0.417837583327138,0.9189955429960254
1780794884.8809278,1780794884.8832183,0.417837583327138,0.9189955429960254
1780794884.8809278,1780794884.8832183,0.417837583327138,0.9189955429960254
1780794884.8809278,1780794884.8832183,0.417837583327138,0.9189955429960254
1780794884.8809278,1780794884.8832183,0.417837583327138,0.9189955429960254
1780794884.8809278,1780794884.8832183,0.417837583327138,0.9189955429960254
1780794884.8809278,1780794884.8832183,0.417837583327138,0.9189955429960254
1780794884.8809278,1780794884.8832183,0.417837583327138,0.9189955429960254
1780794884.8809278,1780794884.8832183,0.417837583327138,0.9189955429960254
1780794884.8809278,1780794884.8832183,0.417837583327138,0.9189955429960254
1780794884.8809278,1780794884.8832183,0.417837583327138,0.9189955429960254
1780794884.8809278,1780794884.8832183,0.417837583327138,0.9189955429960254
1780794884.8809278,1780794884.8832183,0.417837583327138,0.9189955429960254
1780794884.8809278,1780794884.8832183,0.417837583327138,0.9189955429960254
1780794884.8809278,1780794884.8832183,0.417837583327138,0.9189955429960254
1780794884.8809278,1780794884.8832183,0.417837583327138,0.9189955429960254
1780794884.8809278,1780794884.8832183,0.417837583327138,0.9189955429960254
1780794884.8809278,1780794884.8832183,0.417837583327138,0.9189955429960254
1780794884.8809278,1780794884.8832183,0.417837583327138,0.9189955429960254
1780794884.8809278,1780794884.8832183,0.417837583327138,0.9189955429960254
1780794884.8809278,1780794884.8832183,0.417837583327138,0.9189955429960254
1780794884.8809278,1780794884.8832183,0.417837583327138,0.9189955429960254
1780794884.8809278,1780794884.8832183,0.417837583327138,0.9189955429960254
1780794884.8809278,1780794884.8832183,0.417837583327138,0.9189955429960254
1780794884.8809278,1780794884.8832183,0.417837583327138,0.9189955429960254
1780794884.8809278,1780794884.8832183,0.417837583327138,0.9189955429960254
1780794884.8809278,1780794884.8832183,0.417837583327138,0.9189955429960254
1780794884.8809278,1780794884.8832183,0.417837583327138,0.9189955429960254
1780794884.8809278,1780794884.8832183,0.417837583327138,0.9189955429960254
1780794884.8809278,1780794884.8832183,0.417837583327138,0.9189955429960254
1780794884.8809278,1780794884.8832183,0.417837583327138,0.9189955429960254
1780794884.8809278,1780794884.8832183,0.417837583327138,0.9189955429960254
1780794884.8809278,1780794884.8832183,0.417837583327138,0.9189955429960254
1780794884.8809278,1780794884.8832183,0.417837583327138,0.9189955429960254
1780794884.8809278,1780794884.8832183,0.417837583327138,0.9189955429960254
1780794884.8809278,1780794884.8832183,0.417837583327138,0.9189955429960254
1780794884.8809278,1780794884.8832183,0.417837583327138,0.9189955429960254
1780794884.8809278,1780794884.8832183,0.417837583327138,0.9189955429960254
1780794884.8809278,1780794884.8832183,0.417837583327138,0.9189955429960254
1780794884.8809278,1780794884.8832183,0.417837583327138,0.9189955429960254
1780794884.8809278,1780794884.8832183,0.417837583327138,0.9189955429960254
1780794884.8809278,1780794884.8832183,0.417837583327138,0.9189955429960254
1780794884.8809278,1780794884.8832183,0.417837583327138,0.9189955429960254
1780794884.8809278,1780794884.8832183,0.417837583327138,0.9189955429960254
1780794884.8809278,1780794884.8832183,0.417837583327138,0.9189955429960254
1780794884.8809278,1780794884.8832183,0.417837583327138,0.9189955429960254
1780794884.8809278,1780794884.8832183,0.417837583327138,0.9189955429960254
1780794884.8809278,1780794884.8832183,0.417837583327138,0.9189955429960254
1780794884.8809278,1780794884.8832183,0.417837583327138,0.9189955429960254
1780794884.8809278,1780794884.8832183,0.417837583327138,0.9189955429960254
1780794884.8809278,1780794884.8832183,0.417837583327138,0.9189955429960254
1780794884.8809278,1780794884.8832183,0.417837583327138,0.9189955429960254
1780794884.8809278,1780794884.8832183,0.417837583327138,0.9189955429960254
1780794884.8809278,1780794884.8832183,0.417837583327138,0.9189955429960254
1780794884.8809278,1780794884.8832183,0.417837583327138,0.9189955429960254
1780794884.8809278,1780794884.8832183,0.417837583327138,0.9189955429960254
1780794884.8809278,1780794884.8832183,0.417837583327138,0.9189955429960254
1780794884.8809278,1780794884.8832183,0.417837583327138,0.9189955429960254
1780794884.8809278,1780794884.8832183,0.417837583327138,0.9189955429960254
1780794884.8809278,1780794884.8832183,0.417837583327138,0.9189955429960254
1780794884.8809278,1780794884.8832183,0.417837583327138,0.9189955429960254
1780794884.8809278,1780794884.8832183,0.417837583327138,0.9189955429960254
1780794884.8809278,1780794884.8832183,0.417837583327138,0.9189955429960254
1780794884.8809278,1780794884.8832183,0.417837583327138,0.9189955429960254
1780794884.8809278,1780794884.8832183,0.417837583327138,0.9189955429960254
1780794884.8809278,1780794884.8832183,0.417837583327138,0.9189955429960254
1780794884.8809278,1780794884.8832183,0.417837583327138,0.9189955429960254
1780794884.8809278,1780794884.8832183,0.417837583327138,0.9189955429960254
1780794884.8809278,1780794884.8832183,0.417837583327138,0.9189955429960254
1780794884.8809278,1780794884.8832183,0.417837583327138,0.9189955429960254
1780794884.8809278,1780794884.8832183,0.417837583327138,0.9189955429960254
1780794884.8809278,1780794884.8832183,0.417837583327138,0.9189955429960254
1780794884.8809278,1780794884.8832183,0.417837583327138,0.9189955429960254
1780794884.8809278,1780794884.8832183,0.417837583327138,0.9189955429960254
1780794884.8809278,1780794884.8832183,0.417837583327138,0.9189955429960254
1780794884.8809278,1780794884.8832183,0.417837583327138,0.9189955429960254
1780794884.8809278,1780794884.8832183,0.417837583327138,0.9189955429960254
1780794884.8809278,1780794884.8832183,0.417837583327138,0.9189955429960254
1780794884.8809278,1780794884.8832183,0.417837583327138,0.9189955429960254
1780794884.8809278,1780794884.8832183,0.417837583327138,0.9189955429960254
1780794884.8809278,1780794884.8832183,0.417837583327138,0.9189955429960254
1780794884.8809278,1780794884.8832183,0.417837583327138,0.9189955429960254
1780794884.8809278,1780794884.8832183,0.417837583327138,0.9189955429960254
1780794884.8809278,1780794884.8832183,0.417837583327138,0.9189955429960254
1780794884.8809278,1780794884.8832183,0.417837583327138,0.9189955429960254
1780794884.8809278,1780794884.8832183,0.417837583327138,0.9189955429960254
1780794884.8809278,1780794884.8832183,0.417837583327138,0.9189955429960254
1780794884.8809278,1780794884.8832183,0.417837583327138,0.9189955429960254
1780794884.8809278,1780794884.8832183,0.417837583327138,0.9189955429960254
1780794884.8809278,1780794884.8832183,0.417837583327138,0.9189955429960254
1780794884.8809278,1780794884.8832183,0.417837583327138,0.9189955429960254
1780794884.8809278,1780794884.8832183,0.417837583327138,0.9189955429960254
1780794884.8809278,1780794884.8832183,0.417837583327138,0.9189955429960254
1780794884.8809278,1780794884.8832183,0.417837583327138,0.9189955429960254
1780794884.8809278,1780794884.8832183,0.417837583327138,0.9189955429960254
1780794884.8809278,1780794884.8832183,0.417837583327138,0.9189955429960254
1780794884.8809278,1780794884.8832183,0.417837583327138,0.9189955429960254
1780794884.8809278,1780794884.8832183,0.417837583327138,0.9189955429960254
1780794884.8809278,1780794884.8832183,0.417837583327138,0.9189955429960254
1780794884.8809278,1780794884.8832183,0.417837583327138,0.9189955429960254
1780794884.8809278,1780794884.8832183,0.417837583327138,0.9189955429960254
1780794884.8809278,1780794884.8832183,0.417837583327138,0.9189955429960254
1780794884.8809278,1780794884.8832183,0.417837583327138,0.9189955429960254
1780794884.8809278,1780794884.8832183,0.417837583327138,0.9189955429960254
